a,id,CountyName,State,rate
1,1001,Autauga County,AL,12
2,1003,Baldwin County,AL,34
3,1005,Barbour County,AL,2
4,1007,Bibb County,AL,7
5,1009,Blount County,AL,10
6,1011,Bullock County,AL,2
7,1013,Butler County,AL,1
8,1015,Calhoun County,AL,24
9,1017,Chambers County,AL,90
10,1019,Cherokee County,AL,6
11,1021,Chilton County,AL,18
12,1023,Choctaw County,AL,5
13,1025,Clarke County,AL,9
14,1027,Clay County,AL,9
15,1029,Cleburne County,AL,7
16,1031,Coffee County,AL,7
17,1033,Colbert County,AL,6
18,1035,Conecuh County,AL,2
19,1037,Coosa County,AL,7
20,1039,Covington County,AL,4
21,1041,Crenshaw County,AL,2
22,1043,Cullman County,AL,15
23,1045,Dale County,AL,2
24,1047,Dallas County,AL,7
25,1049,DeKalb County,AL,14
26,1051,Elmore County,AL,19
27,1053,Escambia County,AL,3
28,1055,Etowah County,AL,36
29,1057,Fayette County,AL,1
30,1059,Franklin County,AL,6
31,1061,Geneva County,AL,0
32,1063,Greene County,AL,6
33,1065,Hale County,AL,3
34,1067,Henry County,AL,3
35,1069,Houston County,AL,20
36,1071,Jackson County,AL,14
37,1073,Jefferson County,AL,418
38,1075,Lamar County,AL,3
39,1077,Lauderdale County,AL,16
40,1079,Lawrence County,AL,6
41,1081,Lee County,AL,110
42,1083,Limestone County,AL,32
43,1085,Lowndes County,AL,6
44,1087,Macon County,AL,5
45,1089,Madison County,AL,137
46,1091,Marengo County,AL,13
47,1093,Marion County,AL,19
48,1095,Marshall County,AL,26
49,1097,Mobile County,AL,127
50,1099,Monroe County,AL,5
51,1101,Montgomery County,AL,71
52,1103,Morgan County,AL,27
53,1105,Perry County,AL,0
54,1107,Pickens County,AL,12
55,1109,Pike County,AL,14
56,1111,Randolph County,AL,11
57,1113,Russell County,AL,10
58,1115,St. Clair County,AL,28
59,1117,Shelby County,AL,145
60,1119,Sumter County,AL,7
61,1121,Talladega County,AL,20
62,1123,Tallapoosa County,AL,30
63,1125,Tuscaloosa County,AL,60
64,1127,Walker County,AL,49
65,1129,Washington County,AL,5
66,1131,Wilcox County,AL,12
67,1133,Winston County,AL,3
69,2013,Aleutians East Borough,AK,0
70,2016,Aleutians West Census Area,AK,0
71,2020,Municipality of Anchorage,AK,85
72,2050,Bethel Census Area,AK,0
73,2060,Bristol Bay Borough,AK,0
74,2068,Denali Borough,AK,0
75,2070,Dillingham Census Area,AK,0
76,2090,Fairbanks North Star Borough,AK,53
77,2100,Haines Borough,AK,0
78,2105,Hoonah-Angoon Census Area,AK,0
79,2110,City and Borough of Juneau,AK,14
80,2122,Kenai Peninsula Borough,AK,12
81,2130,Ketchikan Gateway Borough,AK,14
82,2150,Kodiak Island Borough,AK,0
83,2158,Kusilvak Census Area,AK,0
84,2164,Lake and Peninsula Borough,AK,0
85,2170,Matanuska-Susitna Borough,AK,4
86,2180,Nome Census Area,AK,0
87,2185,North Slope Borough,AK,0
88,2188,Northwest Arctic Borough,AK,0
89,2195,Petersburg Census Area,AK,1
90,2198,Prince of Wales-Hyder Census Area,AK,0
91,2220,Sitka City and Borough,AK,0
92,2230,Skagway Municipality,AK,0
93,2240,Southeast Fairbanks Census Area,AK,1
94,2261,Valdez-Cordova Census Area,AK,0
95,2270,Wade Hampton Census Area,AK,0
96,2275,Wrangell City and Borough,AK,0
97,2282,Yakutat City and Borough,AK,0
98,2290,Yukon-Koyukuk Census Area,AK,1
100,4001,Apache County,AZ,23
101,4003,Cochise County,AZ,8
102,4005,Coconino County,AZ,155
103,4007,Gila County,AZ,3
104,4009,Graham County,AZ,2
105,4011,Greenlee County,AZ,1
106,4012,La Paz County,AZ,3
107,4013,Maricopa County,AZ,1326
108,4015,Mohave County,AZ,16
109,4017,Navajo County,AZ,195
110,4019,Pima County,AZ,372
111,4021,Pinal County,AZ,103
112,4023,Santa Cruz County,AZ,4
113,4025,Yavapai County,AZ,45
114,4027,Yuma County,AZ,13
116,5001,Arkansas County,AR,1
117,5003,Ashley County,AR,4
118,5005,Baxter County,AR,3
119,5007,Benton County,AR,42
120,5009,Boone County,AR,3
121,5011,Bradley County,AR,1
122,5013,Calhoun County,AR,0
123,5015,Carroll County,AR,1
124,5017,Chicot County,AR,3
125,5019,Clark County,AR,27
126,5021,Clay County,AR,0
127,5023,Cleburne County,AR,65
128,5025,Cleveland County,AR,7
129,5027,Columbia County,AR,3
130,5029,Conway County,AR,4
131,5031,Craighead County,AR,20
132,5033,Crawford County,AR,3
133,5035,Crittenden County,AR,53
134,5037,Cross County,AR,5
135,5039,Dallas County,AR,1
136,5041,Desha County,AR,5
137,5043,Drew County,AR,5
138,5045,Faulkner County,AR,47
139,5047,Franklin County,AR,0
140,5049,Fulton County,AR,0
141,5051,Garland County,AR,41
142,5053,Grant County,AR,4
143,5055,Greene County,AR,4
144,5057,Hempstead County,AR,3
145,5059,Hot Spring County,AR,7
146,5061,Howard County,AR,5
147,5063,Independence County,AR,5
148,5065,Izard County,AR,0
149,5067,Jackson County,AR,0
150,5069,Jefferson County,AR,62
151,5071,Johnson County,AR,8
152,5073,Lafayette County,AR,2
153,5075,Lawrence County,AR,3
154,5077,Lee County,AR,2
155,5079,Lincoln County,AR,7
156,5081,Little River County,AR,0
157,5083,Logan County,AR,0
158,5085,Lonoke County,AR,17
159,5087,Madison County,AR,0
160,5089,Marion County,AR,0
161,5091,Miller County,AR,8
162,5093,Mississippi County,AR,4
163,5095,Monroe County,AR,1
164,5097,Montgomery County,AR,0
165,5099,Nevada County,AR,1
166,5101,Newton County,AR,1
167,5103,Ouachita County,AR,2
168,5105,Perry County,AR,2
169,5107,Phillips County,AR,1
170,5109,Pike County,AR,2
171,5111,Poinsett County,AR,5
172,5113,Polk County,AR,5
173,5115,Pope County,AR,13
174,5117,Prairie County,AR,2
175,5119,Pulaski County,AR,161
176,5121,Randolph County,AR,3
177,5123,St. Francis County,AR,11
178,5125,Saline County,AR,29
179,5127,Scott County,AR,1
180,5129,Searcy County,AR,5
181,5131,Sebastian County,AR,8
182,5133,Sevier County,AR,6
183,5135,Sharp County,AR,1
184,5137,Stone County,AR,5
185,5139,Union County,AR,12
186,5141,Van Buren County,AR,21
187,5143,Washington County,AR,29
188,5145,White County,AR,25
189,5147,Woodruff County,AR,1
190,5149,Yell County,AR,1
192,6000,Grand Princess Cruise Ship,CA,21
193,6001,Alameda County,CA,566
194,6003,Alpine County,CA,1
195,6005,Amador County,CA,3
196,6007,Butte County,CA,11
197,6009,Calaveras County,CA,4
198,6011,Colusa County,CA,2
199,6013,Contra Costa County,CA,386
200,6015,Del Norte County,CA,2
201,6017,El Dorado County,CA,22
202,6019,Fresno County,CA,108
203,6021,Glenn County,CA,2
204,6023,Humboldt County,CA,44
205,6025,Imperial County,CA,65
206,6027,Inyo County,CA,11
207,6029,Kern County,CA,225
208,6031,Kings County,CA,5
209,6033,Lake County,CA,0
210,6035,Lassen County,CA,0
211,6037,Los Angeles County,CA,5940
212,6039,Madera County,CA,30
213,6041,Marin County,CA,141
214,6043,Mariposa County,CA,0
215,6045,Mendocino County,CA,4
216,6047,Merced County,CA,29
217,6049,Modoc County,CA,0
218,6051,Mono County,CA,19
219,6053,Monterey County,CA,62
220,6055,Napa County,CA,20
221,6057,Nevada County,CA,31
222,6059,Orange County,CA,834
223,6061,Placer County,CA,103
224,6063,Plumas County,CA,3
225,6065,Riverside County,CA,799
226,6067,Sacramento County,CA,442
227,6069,San Benito County,CA,23
228,6071,San Bernardino County,CA,373
229,6073,San Diego County,CA,1326
230,6075,San Francisco County,CA,568
231,6077,San Joaquin County,CA,203
232,6079,San Luis Obispo County,CA,95
233,6081,San Mateo County,CA,555
234,6083,Santa Barbara County,CA,174
235,6085,Santa Clara County,CA,1359
236,6087,Santa Cruz County,CA,69
237,6089,Shasta County,CA,20
238,6091,Sierra County,CA,0
239,6093,Siskiyou County,CA,3
240,6095,Solano County,CA,73
241,6097,Sonoma County,CA,107
242,6099,Stanislaus County,CA,71
243,6101,Sutter County,CA,16
244,6103,Tehama County,CA,1
245,6105,Trinity County,CA,0
246,6107,Tulare County,CA,116
247,6109,Tuolumne County,CA,1
248,6111,Ventura County,CA,221
249,6113,Yolo County,CA,37
250,6115,Yuba County,CA,10
252,8001,Adams County,CO,354
253,8003,Alamosa County,CO,4
254,8005,Arapahoe County,CO,608
255,8007,Archuleta County,CO,1
256,8009,Baca County,CO,9
257,8011,Bent County,CO,0
258,8013,Boulder County,CO,177
259,8014,Broomfield County and City,CO,50
260,8015,Chaffee County,CO,22
261,8017,Cheyenne County,CO,0
262,8019,Clear Creek County,CO,6
263,8021,Conejos County,CO,0
264,8023,Costilla County,CO,3
265,8025,Crowley County,CO,1
266,8027,Custer County,CO,2
267,8029,Delta County,CO,4
268,8031,Denver County,CO,825
269,8033,Dolores County,CO,0
270,8035,Douglas County,CO,223
271,8037,Eagle County,CO,339
272,8039,Elbert County,CO,9
273,8041,El Paso County,CO,435
274,8043,Fremont County,CO,3
275,8045,Garfield County,CO,46
276,8047,Gilpin County,CO,0
277,8049,Grand County,CO,4
278,8051,Gunnison County,CO,93
279,8053,Hinsdale County,CO,1
280,8055,Huerfano County,CO,1
281,8057,Jackson County,CO,0
282,8059,Jefferson County,CO,519
283,8061,Kiowa County,CO,0
284,8063,Kit Carson County,CO,5
285,8065,Lake County,CO,3
286,8067,La Plata County,CO,29
287,8069,Larimer County,CO,153
288,8071,Las Animas County,CO,1
289,8073,Lincoln County,CO,1
290,8075,Logan County,CO,9
291,8077,Mesa County,CO,22
292,8079,Mineral County,CO,2
293,8081,Moffat County,CO,3
294,8083,Montezuma County,CO,8
295,8085,Montrose County,CO,32
296,8087,Morgan County,CO,17
297,8089,Otero County,CO,3
298,8091,Ouray County,CO,2
299,8093,Park County,CO,5
300,8095,Phillips County,CO,3
301,8097,Pitkin County,CO,38
302,8099,Prowers County,CO,0
303,8101,Pueblo County,CO,40
304,8103,Rio Blanco County,CO,1
305,8105,Rio Grande County,CO,5
306,8107,Routt County,CO,29
307,8109,Saguache County,CO,3
308,8111,San Juan County,CO,0
309,8113,San Miguel County,CO,10
310,8115,Sedgwick County,CO,0
311,8117,Summit County,CO,45
312,8119,Teller County,CO,11
313,8121,Washington County,CO,1
314,8123,Weld County,CO,470
315,8125,Yuma County,CO,2
317,9001,Fairfield County,CT,3050
318,9003,Hartford County,CT,751
319,9005,Litchfield County,CT,197
320,9007,Middlesex County,CT,110
321,9009,New Haven County,CT,1162
322,9011,New London County,CT,57
323,9013,Tolland County,CT,94
324,9015,Windham County,CT,32
326,10001,Kent County,DE,86
327,10003,New Castle County,DE,436
328,10005,Sussex County,DE,151
329,11001,Washington,DC,998
331,12001,Alachua County,FL,123
332,12003,Baker County,FL,12
333,12005,Bay County,FL,24
334,12007,Bradford County,FL,7
335,12009,Brevard County,FL,79
336,12011,Broward County,FL,1886
337,12013,Calhoun County,FL,3
338,12015,Charlotte County,FL,47
339,12017,Citrus County,FL,43
340,12019,Clay County,FL,79
341,12021,Collier County,FL,231
342,12023,Columbia County,FL,13
343,12027,DeSoto County,FL,12
344,12029,Dixie County,FL,1
345,12031,Duval County,FL,413
346,12033,Escambia County,FL,125
347,12035,Flagler County,FL,31
348,12037,Franklin County,FL,2
349,12039,Gadsden County,FL,4
350,12041,Gilchrist County,FL,0
351,12043,Glades County,FL,4
352,12045,Gulf County,FL,1
353,12047,Hamilton County,FL,0
354,12049,Hardee County,FL,2
355,12051,Hendry County,FL,7
356,12053,Hernando County,FL,43
357,12055,Highlands County,FL,35
358,12057,Hillsborough County,FL,536
359,12059,Holmes County,FL,1
360,12061,Indian River County,FL,55
361,12063,Jackson County,FL,4
362,12065,Jefferson County,FL,1
363,12067,Lafayette County,FL,0
364,12069,Lake County,FL,101
365,12071,Lee County,FL,379
366,12073,Leon County,FL,42
367,12075,Levy County,FL,4
368,12077,Liberty County,FL,0
369,12079,Madison County,FL,10
370,12081,Manatee County,FL,136
371,12083,Marion County,FL,50
372,12085,Martin County,FL,60
373,12086,Miami-Dade County,FL,4146
374,12087,Monroe County,FL,44
375,12089,Nassau County,FL,21
376,12091,Okaloosa County,FL,62
377,12093,Okeechobee County,FL,3
378,12095,Orange County,FL,713
379,12097,Osceola County,FL,229
380,12099,Palm Beach County,FL,1000
381,12101,Pasco County,FL,102
382,12103,Pinellas County,FL,359
383,12105,Polk County,FL,157
384,12107,Putnam County,FL,19
385,12109,St. Johns County,FL,141
386,12111,St. Lucie County,FL,82
387,12113,Santa Rosa County,FL,55
388,12115,Sarasota County,FL,140
389,12117,Seminole County,FL,191
390,12119,Sumter County,FL,75
391,12121,Suwannee County,FL,18
392,12123,Taylor County,FL,0
393,12125,Union County,FL,2
394,12127,Volusia County,FL,151
395,12129,Wakulla County,FL,6
396,12131,Walton County,FL,23
397,12133,Washington County,FL,1
399,13001,Appling County,GA,5
400,13003,Atkinson County,GA,0
401,13005,Bacon County,GA,7
402,13007,Baker County,GA,5
403,13009,Baldwin County,GA,15
404,13011,Banks County,GA,2
405,13013,Barrow County,GA,25
406,13015,Bartow County,GA,160
407,13017,Ben Hill County,GA,4
408,13019,Berrien County,GA,3
409,13021,Bibb County,GA,39
410,13023,Bleckley County,GA,1
411,13025,Brantley County,GA,0
412,13027,Brooks County,GA,6
413,13029,Bryan County,GA,17
414,13031,Bulloch County,GA,5
415,13033,Burke County,GA,9
416,13035,Butts County,GA,12
417,13037,Calhoun County,GA,17
418,13039,Camden County,GA,9
419,13043,Candler County,GA,2
420,13045,Carroll County,GA,158
421,13047,Catoosa County,GA,6
422,13049,Charlton County,GA,2
423,13051,Chatham County,GA,90
424,13053,Chattahoochee County,GA,2
425,13055,Chattooga County,GA,3
426,13057,Cherokee County,GA,124
427,13059,Clarke County,GA,62
428,13061,Clay County,GA,7
429,13063,Clayton County,GA,238
430,13065,Clinch County,GA,2
431,13067,Cobb County,GA,474
432,13069,Coffee County,GA,15
433,13071,Colquitt County,GA,51
434,13073,Columbia County,GA,36
435,13075,Cook County,GA,1
436,13077,Coweta County,GA,67
437,13079,Crawford County,GA,1
438,13081,Crisp County,GA,28
439,13083,Dade County,GA,1
440,13085,Dawson County,GA,16
441,13087,Decatur County,GA,13
442,13089,DeKalb County,GA,549
443,13091,Dodge County,GA,6
444,13093,Dooly County,GA,15
445,13095,Dougherty County,GA,688
446,13097,Douglas County,GA,91
447,13099,Early County,GA,70
448,13101,Echols County,GA,0
449,13103,Effingham County,GA,12
450,13105,Elbert County,GA,1
451,13107,Emanuel County,GA,1
452,13109,Evans County,GA,0
453,13111,Fannin County,GA,8
454,13113,Fayette County,GA,67
455,13115,Floyd County,GA,82
456,13117,Forsyth County,GA,73
457,13119,Franklin County,GA,3
458,13121,Fulton County,GA,970
459,13123,Gilmer County,GA,1
460,13125,Glascock County,GA,0
461,13127,Glynn County,GA,29
462,13129,Gordon County,GA,23
463,13131,Grady County,GA,3
464,13133,Greene County,GA,12
465,13135,Gwinnett County,GA,410
466,13137,Habersham County,GA,2
467,13139,Hall County,GA,117
468,13141,Hancock County,GA,0
469,13143,Haralson County,GA,10
470,13145,Harris County,GA,7
471,13147,Hart County,GA,3
472,13149,Heard County,GA,2
473,13151,Henry County,GA,168
474,13153,Houston County,GA,62
475,13155,Irwin County,GA,6
476,13157,Jackson County,GA,15
477,13159,Jasper County,GA,3
478,13161,Jeff Davis County,GA,0
479,13163,Jefferson County,GA,3
480,13165,Jenkins County,GA,2
481,13167,Johnson County,GA,3
482,13169,Jones County,GA,6
483,13171,Lamar County,GA,7
484,13173,Lanier County,GA,1
485,13175,Laurens County,GA,15
486,13177,Lee County,GA,138
487,13179,Liberty County,GA,12
488,13181,Lincoln County,GA,5
489,13183,Long County,GA,1
490,13185,Lowndes County,GA,37
491,13187,Lumpkin County,GA,9
492,13189,McDuffie County,GA,6
493,13191,McIntosh County,GA,2
494,13193,Macon County,GA,4
495,13195,Madison County,GA,7
496,13197,Marion County,GA,2
497,13199,Meriwether County,GA,11
498,13201,Miller County,GA,9
499,13205,Mitchell County,GA,56
500,13207,Monroe County,GA,9
501,13209,Montgomery County,GA,0
502,13211,Morgan County,GA,2
503,13213,Murray County,GA,9
504,13215,Muscogee County,GA,37
505,13217,Newton County,GA,55
506,13219,Oconee County,GA,24
507,13221,Oglethorpe County,GA,1
508,13223,Paulding County,GA,51
509,13225,Peach County,GA,13
510,13227,Pickens County,GA,9
511,13229,Pierce County,GA,16
512,13231,Pike County,GA,5
513,13233,Polk County,GA,18
514,13235,Pulaski County,GA,6
515,13237,Putnam County,GA,2
516,13239,Quitman County,GA,1
517,13241,Rabun County,GA,3
518,13243,Randolph County,GA,18
519,13245,Richmond County,GA,51
520,13247,Rockdale County,GA,77
521,13249,Schley County,GA,6
522,13251,Screven County,GA,2
523,13253,Seminole County,GA,9
524,13255,Spalding County,GA,26
525,13257,Stephens County,GA,6
526,13259,Stewart County,GA,1
527,13261,Sumter County,GA,83
528,13263,Talbot County,GA,4
529,13265,Taliaferro County,GA,0
530,13267,Tattnall County,GA,3
531,13269,Taylor County,GA,2
532,13271,Telfair County,GA,4
533,13273,Terrell County,GA,58
534,13275,Thomas County,GA,28
535,13277,Tift County,GA,34
536,13279,Toombs County,GA,5
537,13281,Towns County,GA,1
538,13283,Treutlen County,GA,0
539,13285,Troup County,GA,34
540,13287,Turner County,GA,12
541,13289,Twiggs County,GA,2
542,13291,Union County,GA,1
543,13293,Upson County,GA,13
544,13295,Walker County,GA,3
545,13297,Walton County,GA,21
546,13299,Ware County,GA,18
547,13301,Warren County,GA,5
548,13303,Washington County,GA,6
549,13305,Wayne County,GA,1
550,13307,Webster County,GA,2
551,13309,Wheeler County,GA,1
552,13311,White County,GA,4
553,13313,Whitfield County,GA,16
554,13315,Wilcox County,GA,1
555,13317,Wilkes County,GA,3
556,13319,Wilkinson County,GA,2
557,13321,Worth County,GA,37
559,15001,Hawaii County,HI,22
560,15003,Honolulu County,HI,281
561,15005,Kalawao County,HI,0
562,15007,Kauai County,HI,16
563,15009,Maui County,HI,43
565,16001,Ada County,ID,402
566,16003,Adams County,ID,1
567,16005,Bannock County,ID,5
568,16007,Bear Lake County,ID,0
569,16009,Benewah County,ID,0
570,16011,Bingham County,ID,2
571,16013,Blaine County,ID,410
572,16015,Boise County,ID,0
573,16017,Bonner County,ID,2
574,16019,Bonneville County,ID,6
575,16021,Boundary County,ID,0
576,16023,Butte County,ID,0
577,16025,Camas County,ID,1
578,16027,Canyon County,ID,101
579,16029,Caribou County,ID,1
580,16031,Cassia County,ID,4
581,16033,Clark County,ID,0
582,16035,Clearwater County,ID,0
583,16037,Custer County,ID,2
584,16039,Elmore County,ID,11
585,16041,Franklin County,ID,0
586,16043,Fremont County,ID,1
587,16045,Gem County,ID,7
588,16047,Gooding County,ID,1
589,16049,Idaho County,ID,2
590,16051,Jefferson County,ID,4
591,16053,Jerome County,ID,13
592,16055,Kootenai County,ID,42
593,16057,Latah County,ID,1
594,16059,Lemhi County,ID,0
595,16061,Lewis County,ID,0
596,16063,Lincoln County,ID,9
597,16065,Madison County,ID,4
598,16067,Minidoka County,ID,3
599,16069,Nez Perce County,ID,13
600,16071,Oneida County,ID,0
601,16073,Owyhee County,ID,2
602,16075,Payette County,ID,6
603,16077,Power County,ID,0
604,16079,Shoshone County,ID,0
605,16081,Teton County,ID,4
606,16083,Twin Falls County,ID,37
607,16085,Valley County,ID,2
608,16087,Washington County,ID,1
610,17001,Adams County,IL,3
611,17003,Alexander County,IL,0
612,17005,Bond County,IL,3
613,17007,Boone County,IL,3
614,17009,Brown County,IL,0
615,17011,Bureau County,IL,3
616,17013,Calhoun County,IL,1
617,17015,Carroll County,IL,4
618,17017,Cass County,IL,0
619,17019,Champaign County,IL,54
620,17021,Christian County,IL,20
621,17023,Clark County,IL,2
622,17025,Clay County,IL,0
623,17027,Clinton County,IL,10
624,17029,Coles County,IL,0
625,17031,Cook County,IL,8034
626,17033,Crawford County,IL,3
627,17035,Cumberland County,IL,1
628,17037,DeKalb County,IL,22
629,17039,De Witt County,IL,1
630,17041,Douglas County,IL,9
631,17043,DuPage County,IL,656
632,17045,Edgar County,IL,0
633,17047,Edwards County,IL,0
634,17049,Effingham County,IL,1
635,17051,Fayette County,IL,2
636,17053,Ford County,IL,1
637,17055,Franklin County,IL,1
638,17057,Fulton County,IL,0
639,17059,Gallatin County,IL,1
640,17061,Greene County,IL,0
641,17063,Grundy County,IL,9
642,17065,Hamilton County,IL,0
643,17067,Hancock County,IL,0
644,17069,Hardin County,IL,0
645,17071,Henderson County,IL,0
646,17073,Henry County,IL,8
647,17075,Iroquois County,IL,5
648,17077,Jackson County,IL,12
649,17079,Jasper County,IL,3
650,17081,Jefferson County,IL,0
651,17083,Jersey County,IL,2
652,17085,Jo Daviess County,IL,5
653,17087,Johnson County,IL,0
654,17089,Kane County,IL,220
655,17091,Kankakee County,IL,76
656,17093,Kendall County,IL,49
657,17095,Knox County,IL,1
658,17097,Lake County,IL,742
659,17099,LaSalle County,IL,8
660,17101,Lawrence County,IL,0
661,17103,Lee County,IL,2
662,17105,Livingston County,IL,7
663,17107,Logan County,IL,1
664,17109,McDonough County,IL,0
665,17111,McHenry County,IL,133
666,17113,McLean County,IL,46
667,17115,Macon County,IL,6
668,17117,Macoupin County,IL,5
669,17119,Madison County,IL,48
670,17121,Marion County,IL,3
671,17123,Marshall County,IL,1
672,17125,Mason County,IL,1
673,17127,Massac County,IL,2
674,17129,Menard County,IL,1
675,17131,Mercer County,IL,2
676,17133,Monroe County,IL,10
677,17135,Montgomery County,IL,3
678,17137,Morgan County,IL,6
679,17139,Moultrie County,IL,1
680,17141,Ogle County,IL,5
681,17143,Peoria County,IL,12
682,17145,Perry County,IL,0
683,17147,Piatt County,IL,1
684,17149,Pike County,IL,1
685,17151,Pope County,IL,0
686,17153,Pulaski County,IL,0
687,17155,Putnam County,IL,0
688,17157,Randolph County,IL,24
689,17159,Richland County,IL,0
690,17161,Rock Island County,IL,40
691,17163,St. Clair County,IL,86
692,17165,Saline County,IL,1
693,17167,Sangamon County,IL,29
694,17169,Schuyler County,IL,0
695,17171,Scott County,IL,0
696,17173,Shelby County,IL,0
697,17175,Stark County,IL,0
698,17177,Stephenson County,IL,3
699,17179,Tazewell County,IL,13
700,17181,Union County,IL,0
701,17183,Vermilion County,IL,5
702,17185,Wabash County,IL,0
703,17187,Warren County,IL,0
704,17189,Washington County,IL,1
705,17191,Wayne County,IL,0
706,17193,White County,IL,0
707,17195,Whiteside County,IL,18
708,17197,Will County,IL,648
709,17199,Williamson County,IL,3
710,17201,Winnebago County,IL,42
711,17203,Woodford County,IL,6
713,18001,Adams County,IN,2
714,18003,Allen County,IN,63
715,18005,Bartholomew County,IN,54
716,18007,Benton County,IN,0
717,18009,Blackford County,IN,3
718,18011,Boone County,IN,57
719,18013,Brown County,IN,5
720,18015,Carroll County,IN,3
721,18017,Cass County,IN,4
722,18019,Clark County,IN,66
723,18021,Clay County,IN,4
724,18023,Clinton County,IN,4
725,18025,Crawford County,IN,5
726,18027,Daviess County,IN,2
727,18029,Dearborn County,IN,33
728,18031,Decatur County,IN,80
729,18033,DeKalb County,IN,4
730,18035,Delaware County,IN,37
731,18037,Dubois County,IN,6
732,18039,Elkhart County,IN,35
733,18041,Fayette County,IN,16
734,18043,Floyd County,IN,50
735,18045,Fountain County,IN,2
736,18047,Franklin County,IN,53
737,18049,Fulton County,IN,2
738,18051,Gibson County,IN,4
739,18053,Grant County,IN,18
740,18055,Greene County,IN,10
741,18057,Hamilton County,IN,300
742,18059,Hancock County,IN,61
743,18061,Harrison County,IN,33
744,18063,Hendricks County,IN,177
745,18065,Henry County,IN,11
746,18067,Howard County,IN,27
747,18069,Huntington County,IN,4
748,18071,Jackson County,IN,36
749,18073,Jasper County,IN,12
750,18075,Jay County,IN,3
751,18077,Jefferson County,IN,5
752,18079,Jennings County,IN,35
753,18081,Johnson County,IN,167
754,18083,Knox County,IN,7
755,18085,Kosciusko County,IN,12
756,18087,LaGrange County,IN,4
757,18089,Lake County,IN,335
758,18091,LaPorte County,IN,21
759,18093,Lawrence County,IN,39
760,18095,Madison County,IN,86
761,18097,Marion County,IN,1760
762,18099,Marshall County,IN,6
763,18101,Martin County,IN,1
764,18103,Miami County,IN,7
765,18105,Monroe County,IN,48
766,18107,Montgomery County,IN,14
767,18109,Morgan County,IN,65
768,18111,Newton County,IN,4
769,18113,Noble County,IN,10
770,18115,Ohio County,IN,1
771,18117,Orange County,IN,7
772,18119,Owen County,IN,15
773,18121,Parke County,IN,2
774,18123,Perry County,IN,0
775,18125,Pike County,IN,0
776,18127,Porter County,IN,59
777,18129,Posey County,IN,5
778,18131,Pulaski County,IN,0
779,18133,Putnam County,IN,17
780,18135,Randolph County,IN,5
781,18137,Ripley County,IN,60
782,18139,Rush County,IN,10
783,18141,St. Joseph County,IN,102
784,18143,Scott County,IN,7
785,18145,Shelby County,IN,37
786,18147,Spencer County,IN,1
787,18149,Starke County,IN,3
788,18151,Steuben County,IN,6
789,18153,Sullivan County,IN,3
790,18155,Switzerland County,IN,9
791,18157,Tippecanoe County,IN,29
792,18159,Tipton County,IN,6
793,18161,Union County,IN,3
794,18163,Vanderburgh County,IN,37
795,18165,Vermillion County,IN,2
796,18167,Vigo County,IN,18
797,18169,Wabash County,IN,1
798,18171,Warren County,IN,2
799,18173,Warrick County,IN,13
800,18175,Washington County,IN,18
801,18177,Wayne County,IN,8
802,18179,Wells County,IN,2
803,18181,White County,IN,3
804,18183,Whitley County,IN,6
806,19001,Adair County,IA,1
807,19003,Adams County,IA,0
808,19005,Allamakee County,IA,17
809,19007,Appanoose County,IA,1
810,19009,Audubon County,IA,1
811,19011,Benton County,IA,9
812,19013,Black Hawk County,IA,12
813,19015,Boone County,IA,3
814,19017,Bremer County,IA,2
815,19019,Buchanan County,IA,5
816,19021,Buena Vista County,IA,0
817,19023,Butler County,IA,1
818,19025,Calhoun County,IA,0
819,19027,Carroll County,IA,1
820,19029,Cass County,IA,0
821,19031,Cedar County,IA,12
822,19033,Cerro Gordo County,IA,10
823,19035,Cherokee County,IA,0
824,19037,Chickasaw County,IA,0
825,19039,Clarke County,IA,1
826,19041,Clay County,IA,2
827,19043,Clayton County,IA,4
828,19045,Clinton County,IA,16
829,19047,Crawford County,IA,4
830,19049,Dallas County,IA,35
831,19051,Davis County,IA,0
832,19053,Decatur County,IA,0
833,19055,Delaware County,IA,0
834,19057,Des Moines County,IA,1
835,19059,Dickinson County,IA,1
836,19061,Dubuque County,IA,24
837,19063,Emmet County,IA,0
838,19065,Fayette County,IA,3
839,19067,Floyd County,IA,0
840,19069,Franklin County,IA,0
841,19071,Fremont County,IA,0
842,19073,Greene County,IA,0
843,19075,Grundy County,IA,1
844,19077,Guthrie County,IA,1
845,19079,Hamilton County,IA,1
846,19081,Hancock County,IA,3
847,19083,Hardin County,IA,1
848,19085,Harrison County,IA,10
849,19087,Henry County,IA,8
850,19089,Howard County,IA,1
851,19091,Humboldt County,IA,0
852,19093,Ida County,IA,0
853,19095,Iowa County,IA,6
854,19097,Jackson County,IA,3
855,19099,Jasper County,IA,8
856,19101,Jefferson County,IA,3
857,19103,Johnson County,IA,106
858,19105,Jones County,IA,6
859,19107,Keokuk County,IA,2
860,19109,Kossuth County,IA,1
861,19111,Lee County,IA,1
862,19113,Linn County,IA,161
863,19115,Louisa County,IA,6
864,19117,Lucas County,IA,0
865,19119,Lyon County,IA,2
866,19121,Madison County,IA,1
867,19123,Mahaska County,IA,3
868,19125,Marion County,IA,0
869,19127,Marshall County,IA,10
870,19129,Mills County,IA,1
871,19131,Mitchell County,IA,2
872,19133,Monona County,IA,6
873,19135,Monroe County,IA,0
874,19137,Montgomery County,IA,1
875,19139,Muscatine County,IA,33
876,19141,O'Brien County,IA,3
877,19143,Osceola County,IA,0
878,19145,Page County,IA,2
879,19147,Palo Alto County,IA,0
880,19149,Plymouth County,IA,4
881,19151,Pocahontas County,IA,0
882,19153,Polk County,IA,122
883,19155,Pottawattamie County,IA,7
884,19157,Poweshiek County,IA,6
885,19159,Ringgold County,IA,0
886,19161,Sac County,IA,0
887,19163,Scott County,IA,41
888,19165,Shelby County,IA,6
889,19167,Sioux County,IA,7
890,19169,Story County,IA,5
891,19171,Tama County,IA,30
892,19173,Taylor County,IA,1
893,19175,Union County,IA,0
894,19177,Van Buren County,IA,6
895,19179,Wapello County,IA,1
896,19181,Warren County,IA,10
897,19183,Washington County,IA,49
898,19185,Wayne County,IA,0
899,19187,Webster County,IA,1
900,19189,Winnebago County,IA,0
901,19191,Winneshiek County,IA,4
902,19193,Woodbury County,IA,8
903,19195,Worth County,IA,0
904,19197,Wright County,IA,1
906,20001,Allen County,KS,0
907,20003,Anderson County,KS,0
908,20005,Atchison County,KS,2
909,20007,Barber County,KS,0
910,20009,Barton County,KS,3
911,20011,Bourbon County,KS,3
912,20013,Brown County,KS,0
913,20015,Butler County,KS,8
914,20017,Chase County,KS,0
915,20019,Chautauqua County,KS,3
916,20021,Cherokee County,KS,5
917,20023,Cheyenne County,KS,0
918,20025,Clark County,KS,0
919,20027,Clay County,KS,1
920,20029,Cloud County,KS,1
921,20031,Coffey County,KS,24
922,20033,Comanche County,KS,0
923,20035,Cowley County,KS,1
924,20037,Crawford County,KS,4
925,20039,Decatur County,KS,0
926,20041,Dickinson County,KS,0
927,20043,Doniphan County,KS,1
928,20045,Douglas County,KS,33
929,20047,Edwards County,KS,0
930,20049,Elk County,KS,0
931,20051,Ellis County,KS,0
932,20053,Ellsworth County,KS,0
933,20055,Finney County,KS,10
934,20057,Ford County,KS,1
935,20059,Franklin County,KS,9
936,20061,Geary County,KS,2
937,20063,Gove County,KS,1
938,20065,Graham County,KS,0
939,20067,Grant County,KS,0
940,20069,Gray County,KS,0
941,20071,Greeley County,KS,0
942,20073,Greenwood County,KS,1
943,20075,Hamilton County,KS,0
944,20077,Harper County,KS,0
945,20079,Harvey County,KS,2
946,20081,Haskell County,KS,0
947,20083,Hodgeman County,KS,0
948,20085,Jackson County,KS,1
949,20087,Jefferson County,KS,2
950,20089,Jewell County,KS,1
951,20091,Johnson County,KS,192
952,20093,Kearny County,KS,0
953,20095,Kingman County,KS,0
954,20097,Kiowa County,KS,0
955,20099,Labette County,KS,4
956,20101,Lane County,KS,0
957,20103,Leavenworth County,KS,36
958,20105,Lincoln County,KS,0
959,20107,Linn County,KS,5
960,20109,Logan County,KS,0
961,20111,Lyon County,KS,23
962,20113,McPherson County,KS,9
963,20115,Marion County,KS,2
964,20117,Marshall County,KS,0
965,20119,Meade County,KS,0
966,20121,Miami County,KS,2
967,20123,Mitchell County,KS,2
968,20125,Montgomery County,KS,6
969,20127,Morris County,KS,2
970,20129,Morton County,KS,0
971,20131,Nemaha County,KS,0
972,20133,Neosho County,KS,1
973,20135,Ness County,KS,0
974,20137,Norton County,KS,0
975,20139,Osage County,KS,3
976,20141,Osborne County,KS,2
977,20143,Ottawa County,KS,3
978,20145,Pawnee County,KS,0
979,20147,Phillips County,KS,0
980,20149,Pottawatomie County,KS,2
981,20151,Pratt County,KS,1
982,20153,Rawlins County,KS,0
983,20155,Reno County,KS,9
984,20157,Republic County,KS,1
985,20159,Rice County,KS,0
986,20161,Riley County,KS,13
987,20163,Rooks County,KS,0
988,20165,Rush County,KS,0
989,20167,Russell County,KS,0
990,20169,Saline County,KS,5
991,20171,Scott County,KS,0
992,20173,Sedgwick County,KS,108
993,20175,Seward County,KS,0
994,20177,Shawnee County,KS,31
995,20179,Sheridan County,KS,0
996,20181,Sherman County,KS,0
997,20183,Smith County,KS,0
998,20185,Stafford County,KS,1
999,20187,Stanton County,KS,0
1000,20189,Stevens County,KS,1
1001,20191,Sumner County,KS,2
1002,20193,Thomas County,KS,0
1003,20195,Trego County,KS,0
1004,20197,Wabaunsee County,KS,1
1005,20199,Wallace County,KS,0
1006,20201,Washington County,KS,0
1007,20203,Wichita County,KS,0
1008,20205,Wilson County,KS,0
1009,20207,Woodson County,KS,3
1010,20209,Wyandotte County,KS,158
1012,21001,Adair County,KY,1
1013,21003,Allen County,KY,2
1014,21005,Anderson County,KY,3
1015,21007,Ballard County,KY,0
1016,21009,Barren County,KY,1
1017,21011,Bath County,KY,1
1018,21013,Bell County,KY,0
1019,21015,Boone County,KY,28
1020,21017,Bourbon County,KY,1
1021,21019,Boyd County,KY,11
1022,21021,Boyle County,KY,3
1023,21023,Bracken County,KY,3
1024,21025,Breathitt County,KY,1
1025,21027,Breckinridge County,KY,3
1026,21029,Bullitt County,KY,11
1027,21031,Butler County,KY,1
1028,21033,Caldwell County,KY,1
1029,21035,Calloway County,KY,3
1030,21037,Campbell County,KY,32
1031,21039,Carlisle County,KY,0
1032,21041,Carroll County,KY,2
1033,21043,Carter County,KY,1
1034,21045,Casey County,KY,0
1035,21047,Christian County,KY,33
1036,21049,Clark County,KY,11
1037,21051,Clay County,KY,0
1038,21053,Clinton County,KY,1
1039,21055,Crittenden County,KY,1
1040,21057,Cumberland County,KY,1
1041,21059,Daviess County,KY,58
1042,21061,Edmonson County,KY,5
1043,21063,Elliott County,KY,0
1044,21065,Estill County,KY,0
1045,21067,Fayette County,KY,153
1046,21069,Fleming County,KY,0
1047,21071,Floyd County,KY,0
1048,21073,Franklin County,KY,1
1049,21075,Fulton County,KY,0
1050,21077,Gallatin County,KY,0
1051,21079,Garrard County,KY,0
1052,21081,Grant County,KY,5
1053,21083,Graves County,KY,1
1054,21085,Grayson County,KY,2
1055,21087,Green County,KY,0
1056,21089,Greenup County,KY,1
1057,21091,Hancock County,KY,1
1058,21093,Hardin County,KY,2
1059,21095,Harlan County,KY,0
1060,21097,Harrison County,KY,14
1061,21099,Hart County,KY,0
1062,21101,Henderson County,KY,17
1063,21103,Henry County,KY,1
1064,21105,Hickman County,KY,0
1065,21107,Hopkins County,KY,28
1066,21109,Jackson County,KY,0
1067,21111,Jefferson County,KY,313
1068,21113,Jessamine County,KY,11
1069,21115,Johnson County,KY,1
1070,21117,Kenton County,KY,61
1071,21119,Knott County,KY,0
1072,21121,Knox County,KY,0
1073,21123,Larue County,KY,1
1074,21125,Laurel County,KY,1
1075,21127,Lawrence County,KY,1
1076,21129,Lee County,KY,0
1077,21131,Leslie County,KY,1
1078,21133,Letcher County,KY,0
1079,21135,Lewis County,KY,1
1080,21137,Lincoln County,KY,0
1081,21139,Livingston County,KY,0
1082,21141,Logan County,KY,3
1083,21143,Lyon County,KY,2
1084,21145,McCracken County,KY,11
1085,21147,McCreary County,KY,2
1086,21149,McLean County,KY,4
1087,21151,Madison County,KY,11
1088,21153,Magoffin County,KY,0
1089,21155,Marion County,KY,1
1090,21157,Marshall County,KY,1
1091,21159,Martin County,KY,1
1092,21161,Mason County,KY,1
1093,21163,Meade County,KY,1
1094,21165,Menifee County,KY,0
1095,21167,Mercer County,KY,1
1096,21169,Metcalfe County,KY,0
1097,21171,Monroe County,KY,0
1098,21173,Montgomery County,KY,2
1099,21175,Morgan County,KY,0
1100,21177,Muhlenberg County,KY,2
1101,21179,Nelson County,KY,2
1102,21181,Nicholas County,KY,1
1103,21183,Ohio County,KY,5
1104,21185,Oldham County,KY,2
1105,21187,Owen County,KY,0
1106,21189,Owsley County,KY,0
1107,21191,Pendleton County,KY,1
1108,21193,Perry County,KY,1
1109,21195,Pike County,KY,1
1110,21197,Powell County,KY,1
1111,21199,Pulaski County,KY,11
1112,21201,Robertson County,KY,0
1113,21203,Rockcastle County,KY,1
1114,21205,Rowan County,KY,0
1115,21207,Russell County,KY,1
1116,21209,Scott County,KY,11
1117,21211,Shelby County,KY,1
1118,21213,Simpson County,KY,12
1119,21215,Spencer County,KY,2
1120,21217,Taylor County,KY,2
1121,21219,Todd County,KY,0
1122,21221,Trigg County,KY,0
1123,21223,Trimble County,KY,0
1124,21225,Union County,KY,3
1125,21227,Warren County,KY,20
1126,21229,Washington County,KY,1
1127,21231,Wayne County,KY,2
1128,21233,Webster County,KY,1
1129,21235,Whitley County,KY,0
1130,21237,Wolfe County,KY,0
1131,21239,Woodford County,KY,9
1133,22001,Acadia Parish,LA,75
1134,22003,Allen Parish,LA,40
1135,22005,Ascension Parish,LA,286
1136,22007,Assumption Parish,LA,59
1137,22009,Avoyelles Parish,LA,37
1138,22011,Beauregard Parish,LA,19
1139,22013,Bienville Parish,LA,12
1140,22015,Bossier Parish,LA,133
1141,22017,Caddo Parish,LA,647
1142,22019,Calcasieu Parish,LA,139
1143,22021,Caldwell Parish,LA,10
1144,22023,Cameron Parish,LA,0
1145,22025,Catahoula Parish,LA,9
1146,22027,Claiborne Parish,LA,23
1147,22029,Concordia Parish,LA,5
1148,22031,De Soto Parish,LA,80
1149,22033,East Baton Rouge Parish,LA,656
1150,22035,East Carroll Parish,LA,1
1151,22037,East Feliciana Parish,LA,27
1152,22039,Evangeline Parish,LA,19
1153,22041,Franklin Parish,LA,25
1154,22043,Grant Parish,LA,8
1155,22045,Iberia Parish,LA,69
1156,22047,Iberville Parish,LA,122
1157,22049,Jackson Parish,LA,1
1158,22051,Jefferson Parish,LA,3088
1159,22053,Jefferson Davis Parish,LA,13
1160,22055,Lafayette Parish,LA,247
1161,22057,Lafourche Parish,LA,228
1162,22059,La Salle Parish,LA,4
1163,22061,Lincoln Parish,LA,18
1164,22063,Livingston Parish,LA,67
1165,22065,Madison Parish,LA,1
1166,22067,Morehouse Parish,LA,10
1167,22069,Natchitoches Parish,LA,14
1168,22071,Orleans Parish,LA,4066
1169,22073,Ouachita Parish,LA,182
1170,22075,Plaquemines Parish,LA,92
1171,22077,Pointe Coupee Parish,LA,17
1172,22079,Rapides Parish,LA,100
1173,22081,Red River Parish,LA,2
1174,22083,Richland Parish,LA,10
1175,22085,Sabine Parish,LA,5
1176,22087,St. Bernard Parish,LA,242
1177,22089,St. Charles Parish,LA,260
1178,22091,St. Helena Parish,LA,5
1179,22093,St. James Parish,LA,155
1180,22095,St. John the Baptist Parish,LA,345
1181,22097,St. Landry Parish,LA,47
1182,22099,St. Martin Parish,LA,77
1183,22101,St. Mary Parish,LA,67
1184,22103,St. Tammany Parish,LA,560
1185,22105,Tangipahoa Parish,LA,171
1186,22107,Tensas Parish,LA,0
1187,22109,Terrebonne Parish,LA,148
1188,22111,Union Parish,LA,19
1189,22113,Vermilion Parish,LA,16
1190,22115,Vernon Parish,LA,10
1191,22117,Washington Parish,LA,81
1192,22119,Webster Parish,LA,49
1193,22121,West Baton Rouge Parish,LA,40
1194,22123,West Carroll Parish,LA,0
1195,22125,West Feliciana Parish,LA,19
1196,22127,Winn Parish,LA,2
1198,23001,Androscoggin County,ME,20
1199,23003,Aroostook County,ME,1
1200,23005,Cumberland County,ME,238
1201,23007,Franklin County,ME,4
1202,23009,Hancock County,ME,2
1203,23011,Kennebec County,ME,22
1204,23013,Knox County,ME,9
1205,23015,Lincoln County,ME,8
1206,23017,Oxford County,ME,11
1207,23019,Penobscot County,ME,22
1208,23021,Piscataquis County,ME,0
1209,23023,Sagadahoc County,ME,13
1210,23025,Somerset County,ME,4
1211,23027,Waldo County,ME,3
1212,23029,Washington County,ME,1
1213,23031,York County,ME,101
1215,24001,Allegany County,MD,6
1216,24003,Anne Arundel County,MD,319
1217,24005,Baltimore County,MD,590
1218,24009,Calvert County,MD,39
1219,24011,Caroline County,MD,4
1220,24013,Carroll County,MD,142
1221,24015,Cecil County,MD,36
1222,24017,Charles County,MD,111
1223,24019,Dorchester County,MD,1
1224,24021,Frederick County,MD,112
1225,24023,Garrett County,MD,3
1226,24025,Harford County,MD,52
1227,24027,Howard County,MD,199
1228,24029,Kent County,MD,5
1229,24031,Montgomery County,MD,693
1230,24033,Prince George's County,MD,785
1231,24035,Queen Anne's County,MD,13
1232,24037,St. Mary's County,MD,40
1233,24039,Somerset County,MD,4
1234,24041,Talbot County,MD,7
1235,24043,Washington County,MD,34
1236,24045,Wicomico County,MD,11
1237,24047,Worcester County,MD,9
1238,24510,Baltimore City,MD,394
1240,25001,Barnstable County,MA,347
1241,25003,Berkshire County,MA,258
1242,25005,Bristol County,MA,659
1243,25007,Dukes County,MA,8
1244,25009,Essex County,MA,1506
1245,25011,Franklin County,MA,100
1246,25013,Hampden County,MA,768
1247,25015,Hampshire County,MA,128
1248,25017,Middlesex County,MA,2632
1249,25019,Nantucket County,MA,9
1250,25021,Norfolk County,MA,1271
1251,25023,Plymouth County,MA,963
1252,25025,Suffolk County,MA,2658
1253,25027,Worcester County,MA,978
1255,26001,Alcona County,MI,0
1256,26003,Alger County,MI,0
1257,26005,Allegan County,MI,14
1258,26007,Alpena County,MI,0
1259,26009,Antrim County,MI,4
1260,26011,Arenac County,MI,3
1261,26013,Baraga County,MI,0
1262,26015,Barry County,MI,6
1263,26017,Bay County,MI,30
1264,26019,Benzie County,MI,0
1265,26021,Berrien County,MI,58
1266,26023,Branch County,MI,13
1267,26025,Calhoun County,MI,41
1268,26027,Cass County,MI,7
1269,26029,Charlevoix County,MI,7
1270,26031,Cheboygan County,MI,8
1271,26033,Chippewa County,MI,0
1272,26035,Clare County,MI,1
1273,26037,Clinton County,MI,55
1274,26039,Crawford County,MI,1
1275,26041,Delta County,MI,7
1276,26043,Dickinson County,MI,1
1277,26045,Eaton County,MI,55
1278,26047,Emmet County,MI,13
1279,26049,Genesee County,MI,504
1280,26051,Gladwin County,MI,4
1281,26053,Gogebic County,MI,3
1282,26055,Grand Traverse County,MI,12
1283,26057,Gratiot County,MI,4
1284,26059,Hillsdale County,MI,44
1285,26061,Houghton County,MI,1
1286,26063,Huron County,MI,4
1287,26065,Ingham County,MI,172
1288,26067,Ionia County,MI,8
1289,26069,Iosco County,MI,3
1290,26071,Iron County,MI,0
1291,26073,Isabella County,MI,12
1292,26075,Jackson County,MI,90
1293,26077,Kalamazoo County,MI,53
1294,26079,Kalkaska County,MI,8
1295,26081,Kent County,MI,165
1296,26083,Keweenaw County,MI,0
1297,26085,Lake County,MI,0
1298,26087,Lapeer County,MI,45
1299,26089,Leelanau County,MI,1
1300,26091,Lenawee County,MI,31
1301,26093,Livingston County,MI,135
1302,26095,Luce County,MI,1
1303,26097,Mackinac County,MI,2
1304,26099,Macomb County,MI,2003
1305,26101,Manistee County,MI,4
1306,26103,Marquette County,MI,14
1307,26105,Mason County,MI,0
1308,26107,Mecosta County,MI,6
1309,26109,Menominee County,MI,0
1310,26111,Midland County,MI,18
1311,26113,Missaukee County,MI,1
1312,26115,Monroe County,MI,108
1313,26117,Montcalm County,MI,14
1314,26119,Montmorency County,MI,0
1315,26121,Muskegon County,MI,31
1316,26123,Newaygo County,MI,2
1317,26125,Oakland County,MI,3035
1318,26127,Oceana County,MI,3
1319,26129,Ogemaw County,MI,3
1320,26131,Ontonagon County,MI,0
1321,26133,Osceola County,MI,3
1322,26135,Oscoda County,MI,2
1323,26137,Otsego County,MI,24
1324,26139,Ottawa County,MI,44
1325,26141,Presque Isle County,MI,0
1326,26143,Roscommon County,MI,5
1327,26145,Saginaw County,MI,118
1328,26147,St. Clair County,MI,94
1329,26149,St. Joseph County,MI,10
1330,26151,Sanilac County,MI,13
1331,26153,Schoolcraft County,MI,0
1332,26155,Shiawassee County,MI,23
1333,26157,Tuscola County,MI,22
1334,26159,Van Buren County,MI,14
1335,26161,Washtenaw County,MI,518
1336,26163,Wayne County,MI,7518
1337,26165,Wexford County,MI,5
1339,27001,Aitkin County,MN,0
1340,27003,Anoka County,MN,36
1341,27005,Becker County,MN,0
1342,27007,Beltrami County,MN,5
1343,27009,Benton County,MN,1
1344,27011,Big Stone County,MN,1
1345,27013,Blue Earth County,MN,15
1346,27015,Brown County,MN,3
1347,27017,Carlton County,MN,8
1348,27019,Carver County,MN,10
1349,27021,Cass County,MN,1
1350,27023,Chippewa County,MN,0
1351,27025,Chisago County,MN,4
1352,27027,Clay County,MN,13
1353,27029,Clearwater County,MN,2
1354,27031,Cook County,MN,0
1355,27033,Cottonwood County,MN,5
1356,27035,Crow Wing County,MN,6
1357,27037,Dakota County,MN,63
1358,27039,Dodge County,MN,10
1359,27041,Douglas County,MN,1
1360,27043,Faribault County,MN,3
1361,27045,Fillmore County,MN,10
1362,27047,Freeborn County,MN,10
1363,27049,Goodhue County,MN,10
1364,27051,Grant County,MN,0
1365,27053,Hennepin County,MN,267
1366,27055,Houston County,MN,1
1367,27057,Hubbard County,MN,0
1368,27059,Isanti County,MN,4
1369,27061,Itasca County,MN,2
1370,27063,Jackson County,MN,1
1371,27065,Kanabec County,MN,0
1372,27067,Kandiyohi County,MN,2
1373,27069,Kittson County,MN,0
1374,27071,Koochiching County,MN,1
1375,27073,Lac Qui Parle County,MN,1
1376,27075,Lake County,MN,0
1377,27077,Lake of the Woods County,MN,0
1378,27079,Le Sueur County,MN,20
1379,27081,Lincoln County,MN,1
1380,27083,Lyon County,MN,3
1381,27085,McLeod County,MN,1
1382,27087,Mahnomen County,MN,1
1383,27089,Marshall County,MN,0
1384,27091,Martin County,MN,32
1385,27093,Meeker County,MN,1
1386,27095,Mille Lacs County,MN,0
1387,27097,Morrison County,MN,0
1388,27099,Mower County,MN,17
1389,27101,Murray County,MN,0
1390,27103,Nicollet County,MN,4
1391,27105,Nobles County,MN,0
1392,27107,Norman County,MN,0
1393,27109,Olmsted County,MN,95
1394,27111,Otter Tail County,MN,1
1395,27113,Pennington County,MN,0
1396,27115,Pine County,MN,0
1397,27117,Pipestone County,MN,1
1398,27119,Polk County,MN,1
1399,27121,Pope County,MN,0
1400,27123,Ramsey County,MN,91
1401,27125,Red Lake County,MN,0
1402,27127,Redwood County,MN,0
1403,27129,Renville County,MN,2
1404,27131,Rice County,MN,4
1405,27133,Rock County,MN,0
1406,27135,Roseau County,MN,0
1407,27137,St. Louis County,MN,15
1408,27139,Scott County,MN,13
1409,27141,Sherburne County,MN,9
1410,27143,Sibley County,MN,1
1411,27145,Stearns County,MN,6
1412,27147,Steele County,MN,8
1413,27149,Stevens County,MN,0
1414,27151,Swift County,MN,0
1415,27153,Todd County,MN,0
1416,27155,Traverse County,MN,2
1417,27157,Wabasha County,MN,6
1418,27159,Wadena County,MN,0
1419,27161,Waseca County,MN,3
1420,27163,Washington County,MN,62
1421,27165,Watonwan County,MN,4
1422,27167,Wilkin County,MN,2
1423,27169,Winona County,MN,14
1424,27171,Wright County,MN,9
1425,27173,Yellow Medicine County,MN,1
1427,28001,Adams County,MS,19
1428,28003,Alcorn County,MS,6
1429,28005,Amite County,MS,6
1430,28007,Attala County,MS,15
1431,28009,Benton County,MS,5
1432,28011,Bolivar County,MS,45
1433,28013,Calhoun County,MS,4
1434,28015,Carroll County,MS,5
1435,28017,Chickasaw County,MS,15
1436,28019,Choctaw County,MS,8
1437,28021,Claiborne County,MS,1
1438,28023,Clarke County,MS,5
1439,28025,Clay County,MS,7
1440,28027,Coahoma County,MS,28
1441,28029,Copiah County,MS,16
1442,28031,Covington County,MS,6
1443,28033,DeSoto County,MS,132
1444,28035,Forrest County,MS,42
1445,28037,Franklin County,MS,5
1446,28039,George County,MS,5
1447,28041,Greene County,MS,0
1448,28043,Grenada County,MS,7
1449,28045,Hancock County,MS,30
1450,28047,Harrison County,MS,73
1451,28049,Hinds County,MS,154
1452,28051,Holmes County,MS,21
1453,28053,Humphreys County,MS,4
1454,28055,Issaquena County,MS,0
1455,28057,Itawamba County,MS,3
1456,28059,Jackson County,MS,86
1457,28061,Jasper County,MS,3
1458,28063,Jefferson County,MS,3
1459,28065,Jefferson Davis County,MS,0
1460,28067,Jones County,MS,11
1461,28069,Kemper County,MS,5
1462,28071,Lafayette County,MS,22
1463,28073,Lamar County,MS,13
1464,28075,Lauderdale County,MS,65
1465,28077,Lawrence County,MS,4
1466,28079,Leake County,MS,10
1467,28081,Lee County,MS,30
1468,28083,Leflore County,MS,22
1469,28085,Lincoln County,MS,16
1470,28087,Lowndes County,MS,15
1471,28089,Madison County,MS,72
1472,28091,Marion County,MS,7
1473,28093,Marshall County,MS,20
1474,28095,Monroe County,MS,13
1475,28097,Montgomery County,MS,11
1476,28099,Neshoba County,MS,9
1477,28101,Newton County,MS,7
1478,28103,Noxubee County,MS,5
1479,28105,Oktibbeha County,MS,27
1480,28107,Panola County,MS,17
1481,28109,Pearl River County,MS,49
1482,28111,Perry County,MS,14
1483,28113,Pike County,MS,26
1484,28115,Pontotoc County,MS,12
1485,28117,Prentiss County,MS,9
1486,28119,Quitman County,MS,6
1487,28121,Rankin County,MS,72
1488,28123,Scott County,MS,23
1489,28125,Sharkey County,MS,3
1490,28127,Simpson County,MS,5
1491,28129,Smith County,MS,10
1492,28131,Stone County,MS,1
1493,28133,Sunflower County,MS,19
1494,28135,Tallahatchie County,MS,3
1495,28137,Tate County,MS,15
1496,28139,Tippah County,MS,35
1497,28141,Tishomingo County,MS,1
1498,28143,Tunica County,MS,17
1499,28145,Union County,MS,6
1500,28147,Walthall County,MS,12
1501,28149,Warren County,MS,5
1502,28151,Washington County,MS,36
1503,28153,Wayne County,MS,5
1504,28155,Webster County,MS,11
1505,28157,Wilkinson County,MS,30
1506,28159,Winston County,MS,12
1507,28161,Yalobusha County,MS,9
1508,28163,Yazoo County,MS,31
1510,29001,Adair County,MO,10
1511,29003,Andrew County,MO,0
1512,29005,Atchison County,MO,1
1513,29007,Audrain County,MO,0
1514,29009,Barry County,MO,1
1515,29011,Barton County,MO,0
1516,29013,Bates County,MO,3
1517,29015,Benton County,MO,3
1518,29017,Bollinger County,MO,1
1519,29019,Boone County,MO,76
1520,29021,Buchanan County,MO,8
1521,29023,Butler County,MO,2
1522,29025,Caldwell County,MO,1
1523,29027,Callaway County,MO,19
1524,29029,Camden County,MO,24
1525,29031,Cape Girardeau County,MO,17
1526,29033,Carroll County,MO,0
1527,29035,Carter County,MO,3
1528,29037,Cass County,MO,23
1529,29039,Cedar County,MO,4
1530,29041,Chariton County,MO,4
1531,29043,Christian County,MO,16
1532,29045,Clark County,MO,1
1533,29047,Clay County,MO,33
1534,29049,Clinton County,MO,7
1535,29051,Cole County,MO,30
1536,29053,Cooper County,MO,2
1537,29055,Crawford County,MO,3
1538,29057,Dade County,MO,0
1539,29059,Dallas County,MO,0
1540,29061,Daviess County,MO,0
1541,29063,DeKalb County,MO,1
1542,29065,Dent County,MO,0
1543,29067,Douglas County,MO,0
1544,29069,Dunklin County,MO,7
1545,29071,Franklin County,MO,25
1546,29073,Gasconade County,MO,2
1547,29075,Gentry County,MO,0
1548,29077,Greene County,MO,61
1549,29079,Grundy County,MO,0
1550,29081,Harrison County,MO,2
1551,29083,Henry County,MO,2
1552,29085,Hickory County,MO,0
1553,29087,Holt County,MO,0
1554,29089,Howard County,MO,0
1555,29091,Howell County,MO,1
1556,29093,Iron County,MO,0
1557,29095,Jackson County (including other portions of Kansas City),MO,314
1558,29097,Jasper County,MO,9
1559,29099,Jefferson County,MO,71
1560,29101,Johnson County,MO,29
1561,29103,Knox County,MO,0
1562,29105,Laclede County,MO,0
1563,29107,Lafayette County,MO,27
1564,29109,Lawrence County,MO,0
1565,29111,Lewis County,MO,0
1566,29113,Lincoln County,MO,17
1567,29115,Linn County,MO,1
1568,29117,Livingston County,MO,1
1569,29119,McDonald County,MO,3
1570,29121,Macon County,MO,2
1571,29123,Madison County,MO,0
1572,29125,Maries County,MO,1
1573,29127,Marion County,MO,0
1574,29129,Mercer County,MO,0
1575,29131,Miller County,MO,0
1576,29133,Mississippi County,MO,0
1577,29135,Moniteau County,MO,4
1578,29137,Monroe County,MO,0
1579,29139,Montgomery County,MO,4
1580,29141,Morgan County,MO,1
1581,29143,New Madrid County,MO,1
1582,29145,Newton County,MO,6
1583,29147,Nodaway County,MO,1
1584,29149,Oregon County,MO,0
1585,29151,Osage County,MO,3
1586,29153,Ozark County,MO,0
1587,29155,Pemiscot County,MO,3
1588,29157,Perry County,MO,25
1589,29159,Pettis County,MO,2
1590,29161,Phelps County,MO,0
1591,29163,Pike County,MO,2
1592,29165,Platte County,MO,15
1593,29167,Polk County,MO,0
1594,29169,Pulaski County,MO,10
1595,29171,Putnam County,MO,0
1596,29173,Ralls County,MO,1
1597,29175,Randolph County,MO,7
1598,29177,Ray County,MO,4
1599,29179,Reynolds County,MO,2
1600,29181,Ripley County,MO,2
1601,29183,St. Charles County,MO,157
1602,29185,St. Clair County,MO,0
1603,29186,Ste. Genevieve County,MO,6
1604,29187,St. Francois County,MO,15
1605,29189,St. Louis County,MO,883
1606,29195,Saline County,MO,3
1607,29197,Schuyler County,MO,0
1608,29199,Scotland County,MO,0
1609,29201,Scott County,MO,7
1610,29203,Shannon County,MO,0
1611,29205,Shelby County,MO,1
1612,29207,Stoddard County,MO,7
1613,29209,Stone County,MO,3
1614,29211,Sullivan County,MO,0
1615,29213,Taney County,MO,5
1616,29215,Texas County,MO,0
1617,29217,Vernon County,MO,0
1618,29219,Warren County,MO,9
1619,29221,Washington County,MO,0
1620,29223,Wayne County,MO,0
1621,29225,Webster County,MO,3
1622,29227,Worth County,MO,0
1623,29229,Wright County,MO,7
1624,29510,City of St. Louis,MO,298
1626,30001,Beaverhead County,MT,1
1627,30003,Big Horn County,MT,0
1628,30005,Blaine County,MT,0
1629,30007,Broadwater County,MT,4
1630,30009,Carbon County,MT,1
1631,30011,Carter County,MT,0
1632,30013,Cascade County,MT,11
1633,30015,Chouteau County,MT,0
1634,30017,Custer County,MT,0
1635,30019,Daniels County,MT,0
1636,30021,Dawson County,MT,0
1637,30023,Deer Lodge County,MT,3
1638,30025,Fallon County,MT,0
1639,30027,Fergus County,MT,0
1640,30029,Flathead County,MT,25
1641,30031,Gallatin County,MT,115
1642,30033,Garfield County,MT,0
1643,30035,Glacier County,MT,1
1644,30037,Golden Valley County,MT,0
1645,30039,Granite County,MT,0
1646,30041,Hill County,MT,1
1647,30043,Jefferson County,MT,2
1648,30045,Judith Basin County,MT,0
1649,30047,Lake County,MT,4
1650,30049,Lewis and Clark County,MT,14
1651,30051,Liberty County,MT,1
1652,30053,Lincoln County,MT,7
1653,30055,McCone County,MT,0
1654,30057,Madison County,MT,8
1655,30059,Meagher County,MT,1
1656,30061,Mineral County,MT,0
1657,30063,Missoula County,MT,21
1658,30065,Musselshell County,MT,1
1659,30067,Park County,MT,6
1660,30069,Petroleum County,MT,0
1661,30071,Phillips County,MT,0
1662,30073,Pondera County,MT,0
1663,30075,Powder River County,MT,0
1664,30077,Powell County,MT,0
1665,30079,Prairie County,MT,0
1666,30081,Ravalli County,MT,2
1667,30083,Richland County,MT,0
1668,30085,Roosevelt County,MT,1
1669,30087,Rosebud County,MT,0
1670,30089,Sanders County,MT,0
1671,30091,Sheridan County,MT,0
1672,30093,Silver Bow County,MT,11
1673,30095,Stillwater County,MT,0
1674,30097,Sweet Grass County,MT,0
1675,30099,Teton County,MT,0
1676,30101,Toole County,MT,15
1677,30103,Treasure County,MT,0
1678,30105,Valley County,MT,0
1679,30107,Wheatland County,MT,0
1680,30109,Wibaux County,MT,0
1681,30111,Yellowstone County,MT,40
1683,31001,Adams County,NE,11
1684,31003,Antelope County,NE,1
1685,31005,Arthur County,NE,0
1686,31007,Banner County,NE,0
1687,31009,Blaine County,NE,0
1688,31011,Boone County,NE,0
1689,31013,Box Butte County,NE,0
1690,31015,Boyd County,NE,0
1691,31017,Brown County,NE,0
1692,31019,Buffalo County,NE,16
1693,31021,Burt County,NE,0
1694,31023,Butler County,NE,0
1695,31025,Cass County,NE,2
1696,31027,Cedar County,NE,0
1697,31029,Chase County,NE,0
1698,31031,Cherry County,NE,1
1699,31033,Cheyenne County,NE,0
1700,31035,Clay County,NE,0
1701,31037,Colfax County,NE,2
1702,31039,Cuming County,NE,2
1703,31041,Custer County,NE,0
1704,31043,Dakota County,NE,0
1705,31045,Dawes County,NE,0
1706,31047,Dawson County,NE,1
1707,31049,Deuel County,NE,0
1708,31051,Dixon County,NE,0
1709,31053,Dodge County,NE,7
1710,31055,Douglas County,NE,138
1711,31057,Dundy County,NE,0
1712,31059,Fillmore County,NE,0
1713,31061,Franklin County,NE,0
1714,31063,Frontier County,NE,0
1715,31065,Furnas County,NE,0
1716,31067,Gage County,NE,8
1717,31069,Garden County,NE,0
1718,31071,Garfield County,NE,0
1719,31073,Gosper County,NE,1
1720,31075,Grant County,NE,0
1721,31077,Greeley County,NE,0
1722,31079,Hall County,NE,44
1723,31081,Hamilton County,NE,6
1724,31083,Harlan County,NE,0
1725,31085,Hayes County,NE,0
1726,31087,Hitchcock County,NE,0
1727,31089,Holt County,NE,0
1728,31091,Hooker County,NE,0
1729,31093,Howard County,NE,0
1730,31095,Jefferson County,NE,0
1731,31097,Johnson County,NE,0
1732,31099,Kearney County,NE,1
1733,31101,Keith County,NE,0
1734,31103,Keya Paha County,NE,0
1735,31105,Kimball County,NE,5
1736,31107,Knox County,NE,2
1737,31109,Lancaster County,NE,17
1738,31111,Lincoln County,NE,13
1739,31113,Logan County,NE,0
1740,31115,Loup County,NE,0
1741,31117,McPherson County,NE,0
1742,31119,Madison County,NE,5
1743,31121,Merrick County,NE,2
1744,31123,Morrill County,NE,0
1745,31125,Nance County,NE,0
1746,31127,Nemaha County,NE,1
1747,31129,Nuckolls County,NE,0
1748,31131,Otoe County,NE,1
1749,31133,Pawnee County,NE,0
1750,31135,Perkins County,NE,0
1751,31137,Phelps County,NE,0
1752,31139,Pierce County,NE,0
1753,31141,Platte County,NE,5
1754,31143,Polk County,NE,0
1755,31145,Red Willow County,NE,0
1756,31147,Richardson County,NE,0
1757,31149,Rock County,NE,0
1758,31151,Saline County,NE,0
1759,31153,Sarpy County,NE,28
1760,31155,Saunders County,NE,4
1761,31157,Scotts Bluff County,NE,3
1762,31159,Seward County,NE,1
1763,31161,Sheridan County,NE,0
1764,31163,Sherman County,NE,0
1765,31165,Sioux County,NE,0
1766,31167,Stanton County,NE,0
1767,31169,Thayer County,NE,0
1768,31171,Thomas County,NE,0
1769,31173,Thurston County,NE,0
1770,31175,Valley County,NE,0
1771,31177,Washington County,NE,20
1772,31179,Wayne County,NE,0
1773,31181,Webster County,NE,0
1774,31183,Wheeler County,NE,0
1775,31185,York County,NE,1
1777,32001,Churchill County,NV,0
1778,32003,Clark County,NV,1519
1779,32005,Douglas County,NV,7
1780,32007,Elko County,NV,8
1781,32009,Esmeralda County,NV,0
1782,32011,Eureka County,NV,0
1783,32013,Humboldt County,NV,11
1784,32015,Lander County,NV,0
1785,32017,Lincoln County,NV,0
1786,32019,Lyon County,NV,3
1787,32021,Mineral County,NV,0
1788,32023,Nye County,NV,7
1789,32027,Pershing County,NV,0
1790,32029,Storey County,NV,0
1791,32031,Washoe County,NV,264
1792,32033,White Pine County,NV,1
1793,32510,Carson City,NV,10
1795,33001,Belknap County,NH,17
1796,33003,Carroll County,NH,19
1797,33005,Cheshire County,NH,11
1798,33007,Coos County,NH,1
1799,33009,Grafton County,NH,41
1800,33011,Hillsborough County,NH,249
1801,33013,Merrimack County,NH,45
1802,33015,Rockingham County,NH,230
1803,33017,Strafford County,NH,44
1804,33019,Sullivan County,NH,6
1806,34001,Atlantic County,NJ,121
1807,34003,Bergen County,NJ,6187
1808,34005,Burlington County,NJ,547
1809,34007,Camden County,NJ,556
1810,34009,Cape May County,NJ,77
1811,34011,Cumberland County,NJ,54
1812,34013,Essex County,NJ,4082
1813,34015,Gloucester County,NJ,248
1814,34017,Hudson County,NJ,3924
1815,34019,Hunterdon County,NJ,189
1816,34021,Mercer County,NJ,654
1817,34023,Middlesex County,NJ,2950
1818,34025,Monmouth County,NJ,2354
1819,34027,Morris County,NJ,1800
1820,34029,Ocean County,NJ,2177
1821,34031,Passaic County,NJ,3227
1822,34033,Salem County,NJ,26
1823,34035,Somerset County,NJ,833
1824,34037,Sussex County,NJ,267
1825,34039,Union County,NJ,3216
1826,34041,Warren County,NJ,195
1828,35001,Bernalillo County,NM,246
1829,35003,Catron County,NM,1
1830,35005,Chaves County,NM,13
1831,35006,Cibola County,NM,14
1832,35007,Colfax County,NM,0
1833,35009,Curry County,NM,6
1834,35011,De Baca County,NM,0
1835,35013,Dona Ana County,NM,29
1836,35015,Eddy County,NM,4
1837,35017,Grant County,NM,1
1838,35019,Guadalupe County,NM,0
1839,35021,Harding County,NM,0
1840,35023,Hidalgo County,NM,0
1841,35025,Lea County,NM,2
1842,35027,Lincoln County,NM,1
1843,35028,Los Alamos County,NM,2
1844,35029,Luna County,NM,0
1845,35031,McKinley County,NM,40
1846,35033,Mora County,NM,0
1847,35035,Otero County,NM,3
1848,35037,Quay County,NM,0
1849,35039,Rio Arriba County,NM,6
1850,35041,Roosevelt County,NM,1
1851,35043,Sandoval County,NM,103
1852,35045,San Juan County,NM,58
1853,35047,San Miguel County,NM,1
1854,35049,Santa Fe County,NM,62
1855,35051,Sierra County,NM,0
1856,35053,Socorro County,NM,5
1857,35055,Taos County,NM,13
1858,35057,Torrance County,NM,6
1859,35059,Union County,NM,0
1860,35061,Valencia County,NM,7
1862,1,New York City Unallocated/Probable,NY,0
1863,36001,Albany County,NY,305
1864,36003,Allegany County,NY,16
1865,36005,Bronx County,NY,13368
1866,36007,Broome County,NY,71
1867,36009,Cattaraugus County,NY,10
1868,36011,Cayuga County,NY,8
1869,36013,Chautauqua County,NY,11
1870,36015,Chemung County,NY,38
1871,36017,Chenango County,NY,43
1872,36019,Clinton County,NY,33
1873,36021,Columbia County,NY,51
1874,36023,Cortland County,NY,10
1875,36025,Delaware County,NY,27
1876,36027,Dutchess County,NY,1077
1877,36029,Erie County,NY,1059
1878,36031,Essex County,NY,7
1879,36033,Franklin County,NY,10
1880,36035,Fulton County,NY,9
1881,36037,Genesee County,NY,22
1882,36039,Greene County,NY,24
1883,36041,Hamilton County,NY,2
1884,36043,Herkimer County,NY,22
1885,36045,Jefferson County,NY,26
1886,36047,Kings County,NY,18558
1887,36049,Lewis County,NY,3
1888,36051,Livingston County,NY,19
1889,36053,Madison County,NY,79
1890,36055,Monroe County,NY,548
1891,36057,Montgomery County,NY,15
1892,36059,Nassau County,NY,14398
1893,36061,New York County,NY,9898
1894,36063,Niagara County,NY,116
1895,36065,Oneida County,NY,87
1896,36067,Onondaga County,NY,268
1897,36069,Ontario County,NY,32
1898,36071,Orange County,NY,3102
1899,36073,Orleans County,NY,11
1900,36075,Oswego County,NY,28
1901,36077,Otsego County,NY,29
1902,36079,Putnam County,NY,314
1903,36081,Queens County,NY,21436
1904,36083,Rensselaer County,NY,73
1905,36085,Richmond County,NY,4291
1906,36087,Rockland County,NY,5326
1907,36089,St. Lawrence County,NY,55
1908,36091,Saratoga County,NY,148
1909,36093,Schenectady County,NY,128
1910,36095,Schoharie County,NY,10
1911,36097,Schuyler County,NY,4
1912,36099,Seneca County,NY,9
1913,36101,Steuben County,NY,55
1914,36103,Suffolk County,NY,12405
1915,36105,Sullivan County,NY,234
1916,36107,Tioga County,NY,7
1917,36109,Tompkins County,NY,88
1918,36111,Ulster County,NY,332
1919,36113,Warren County,NY,26
1920,36115,Washington County,NY,18
1921,36117,Wayne County,NY,32
1922,36119,Westchester County,NY,13723
1923,36121,Wyoming County,NY,22
1924,36123,Yates County,NY,2
1926,37001,Alamance County,NC,18
1927,37003,Alexander County,NC,2
1928,37005,Alleghany County,NC,2
1929,37007,Anson County,NC,5
1930,37009,Ashe County,NC,1
1931,37011,Avery County,NC,0
1932,37013,Beaufort County,NC,8
1933,37015,Bertie County,NC,7
1934,37017,Bladen County,NC,1
1935,37019,Brunswick County,NC,24
1936,37021,Buncombe County,NC,28
1937,37023,Burke County,NC,15
1938,37025,Cabarrus County,NC,67
1939,37027,Caldwell County,NC,6
1940,37029,Camden County,NC,0
1941,37031,Carteret County,NC,15
1942,37033,Caswell County,NC,2
1943,37035,Catawba County,NC,22
1944,37037,Chatham County,NC,21
1945,37039,Cherokee County,NC,8
1946,37041,Chowan County,NC,1
1947,37043,Clay County,NC,3
1948,37045,Cleveland County,NC,15
1949,37047,Columbus County,NC,5
1950,37049,Craven County,NC,15
1951,37051,Cumberland County,NC,42
1952,37053,Currituck County,NC,2
1953,37055,Dare County,NC,1
1954,37057,Davidson County,NC,57
1955,37059,Davie County,NC,16
1956,37061,Duplin County,NC,4
1957,37063,Durham County,NC,186
1958,37065,Edgecombe County,NC,5
1959,37067,Forsyth County,NC,86
1960,37069,Franklin County,NC,14
1961,37071,Gaston County,NC,45
1962,37073,Gates County,NC,1
1963,37075,Graham County,NC,0
1964,37077,Granville County,NC,37
1965,37079,Greene County,NC,6
1966,37081,Guilford County,NC,96
1967,37083,Halifax County,NC,10
1968,37085,Harnett County,NC,25
1969,37087,Haywood County,NC,2
1970,37089,Henderson County,NC,50
1971,37091,Hertford County,NC,4
1972,37093,Hoke County,NC,10
1973,37095,Hyde County,NC,0
1974,37097,Iredell County,NC,44
1975,37099,Jackson County,NC,0
1976,37101,Johnston County,NC,32
1977,37103,Jones County,NC,0
1978,37105,Lee County,NC,3
1979,37107,Lenoir County,NC,7
1980,37109,Lincoln County,NC,9
1981,37111,McDowell County,NC,9
1982,37113,Macon County,NC,1
1983,37115,Madison County,NC,0
1984,37117,Martin County,NC,3
1985,37119,Mecklenburg County,NC,664
1986,37121,Mitchell County,NC,1
1987,37123,Montgomery County,NC,9
1988,37125,Moore County,NC,9
1989,37127,Nash County,NC,21
1990,37129,New Hanover County,NC,37
1991,37131,Northampton County,NC,42
1992,37133,Onslow County,NC,16
1993,37135,Orange County,NC,52
1994,37137,Pamlico County,NC,3
1995,37139,Pasquotank County,NC,8
1996,37141,Pender County,NC,1
1997,37143,Perquimans County,NC,2
1998,37145,Person County,NC,4
1999,37147,Pitt County,NC,36
2000,37149,Polk County,NC,6
2001,37151,Randolph County,NC,29
2002,37153,Richmond County,NC,0
2003,37155,Robeson County,NC,5
2004,37157,Rockingham County,NC,6
2005,37159,Rowan County,NC,45
2006,37161,Rutherford County,NC,14
2007,37163,Sampson County,NC,2
2008,37165,Scotland County,NC,2
2009,37167,Stanly County,NC,7
2010,37169,Stokes County,NC,6
2011,37171,Surry County,NC,3
2012,37173,Swain County,NC,0
2013,37175,Transylvania County,NC,5
2014,37177,Tyrrell County,NC,0
2015,37179,Union County,NC,67
2016,37181,Vance County,NC,12
2017,37183,Wake County,NC,304
2018,37185,Warren County,NC,2
2019,37187,Washington County,NC,4
2020,37189,Watauga County,NC,7
2021,37191,Wayne County,NC,15
2022,37193,Wilkes County,NC,4
2023,37195,Wilson County,NC,28
2024,37197,Yadkin County,NC,9
2025,37199,Yancey County,NC,0
2027,38001,Adams County,ND,0
2028,38003,Barnes County,ND,2
2029,38005,Benson County,ND,0
2030,38007,Billings County,ND,0
2031,38009,Bottineau County,ND,0
2032,38011,Bowman County,ND,0
2033,38013,Burke County,ND,2
2034,38015,Burleigh County,ND,37
2035,38017,Cass County,ND,54
2036,38019,Cavalier County,ND,0
2037,38021,Dickey County,ND,0
2038,38023,Divide County,ND,1
2039,38025,Dunn County,ND,1
2040,38027,Eddy County,ND,1
2041,38029,Emmons County,ND,1
2042,38031,Foster County,ND,1
2043,38033,Golden Valley County,ND,0
2044,38035,Grand Forks County,ND,11
2045,38037,Grant County,ND,1
2046,38039,Griggs County,ND,0
2047,38041,Hettinger County,ND,0
2048,38043,Kidder County,ND,0
2049,38045,LaMoure County,ND,0
2050,38047,Logan County,ND,0
2051,38049,McHenry County,ND,1
2052,38051,McIntosh County,ND,1
2053,38053,McKenzie County,ND,3
2054,38055,McLean County,ND,2
2055,38057,Mercer County,ND,0
2056,38059,Morton County,ND,16
2057,38061,Mountrail County,ND,19
2058,38063,Nelson County,ND,0
2059,38065,Oliver County,ND,1
2060,38067,Pembina County,ND,0
2061,38069,Pierce County,ND,2
2062,38071,Ramsey County,ND,3
2063,38073,Ransom County,ND,0
2064,38075,Renville County,ND,0
2065,38077,Richland County,ND,0
2066,38079,Rolette County,ND,0
2067,38081,Sargent County,ND,0
2068,38083,Sheridan County,ND,0
2069,38085,Sioux County,ND,1
2070,38087,Slope County,ND,1
2071,38089,Stark County,ND,25
2072,38091,Steele County,ND,0
2073,38093,Stutsman County,ND,0
2074,38095,Towner County,ND,0
2075,38097,Traill County,ND,0
2076,38099,Walsh County,ND,1
2077,38101,Ward County,ND,14
2078,38103,Wells County,ND,0
2079,38105,Williams County,ND,5
2081,39001,Adams County,OH,2
2082,39003,Allen County,OH,18
2083,39005,Ashland County,OH,3
2084,39007,Ashtabula County,OH,12
2085,39009,Athens County,OH,3
2086,39011,Auglaize County,OH,6
2087,39013,Belmont County,OH,20
2088,39015,Brown County,OH,3
2089,39017,Butler County,OH,68
2090,39019,Carroll County,OH,8
2091,39021,Champaign County,OH,5
2092,39023,Clark County,OH,8
2093,39025,Clermont County,OH,21
2094,39027,Clinton County,OH,8
2095,39029,Columbiana County,OH,42
2096,39031,Coshocton County,OH,9
2097,39033,Crawford County,OH,9
2098,39035,Cuyahoga County,OH,826
2099,39037,Darke County,OH,32
2100,39039,Defiance County,OH,7
2101,39041,Delaware County,OH,70
2102,39043,Erie County,OH,8
2103,39045,Fairfield County,OH,46
2104,39047,Fayette County,OH,2
2105,39049,Franklin County,OH,597
2106,39051,Fulton County,OH,5
2107,39053,Gallia County,OH,4
2108,39055,Geauga County,OH,38
2109,39057,Greene County,OH,13
2110,39059,Guernsey County,OH,1
2111,39061,Hamilton County,OH,319
2112,39063,Hancock County,OH,11
2113,39065,Hardin County,OH,1
2114,39067,Harrison County,OH,0
2115,39069,Henry County,OH,0
2116,39071,Highland County,OH,4
2117,39073,Hocking County,OH,0
2118,39075,Holmes County,OH,1
2119,39077,Huron County,OH,6
2120,39079,Jackson County,OH,0
2121,39081,Jefferson County,OH,14
2122,39083,Knox County,OH,7
2123,39085,Lake County,OH,79
2124,39087,Lawrence County,OH,8
2125,39089,Licking County,OH,55
2126,39091,Logan County,OH,5
2127,39093,Lorain County,OH,110
2128,39095,Lucas County,OH,302
2129,39097,Madison County,OH,17
2130,39099,Mahoning County,OH,261
2131,39101,Marion County,OH,19
2132,39103,Medina County,OH,78
2133,39105,Meigs County,OH,0
2134,39107,Mercer County,OH,7
2135,39109,Miami County,OH,76
2136,39111,Monroe County,OH,2
2137,39113,Montgomery County,OH,84
2138,39115,Morgan County,OH,0
2139,39117,Morrow County,OH,5
2140,39119,Muskingum County,OH,4
2141,39121,Noble County,OH,0
2142,39123,Ottawa County,OH,5
2143,39125,Paulding County,OH,0
2144,39127,Perry County,OH,3
2145,39129,Pickaway County,OH,27
2146,39131,Pike County,OH,1
2147,39133,Portage County,OH,84
2148,39135,Preble County,OH,5
2149,39137,Putnam County,OH,0
2150,39139,Richland County,OH,17
2151,39141,Ross County,OH,4
2152,39143,Sandusky County,OH,5
2153,39145,Scioto County,OH,0
2154,39147,Seneca County,OH,6
2155,39149,Shelby County,OH,12
2156,39151,Stark County,OH,95
2157,39153,Summit County,OH,184
2158,39155,Trumbull County,OH,89
2159,39157,Tuscarawas County,OH,20
2160,39159,Union County,OH,8
2161,39161,Van Wert County,OH,2
2162,39163,Vinton County,OH,0
2163,39165,Warren County,OH,36
2164,39167,Washington County,OH,8
2165,39169,Wayne County,OH,26
2166,39171,Williams County,OH,1
2167,39173,Wood County,OH,29
2168,39175,Wyandot County,OH,5
2170,40001,Adair County,OK,18
2171,40003,Alfalfa County,OK,0
2172,40005,Atoka County,OK,1
2173,40007,Beaver County,OK,0
2174,40009,Beckham County,OK,1
2175,40011,Blaine County,OK,0
2176,40013,Bryan County,OK,3
2177,40015,Caddo County,OK,4
2178,40017,Canadian County,OK,33
2179,40019,Carter County,OK,1
2180,40021,Cherokee County,OK,12
2181,40023,Choctaw County,OK,2
2182,40025,Cimarron County,OK,0
2183,40027,Cleveland County,OK,171
2184,40029,Coal County,OK,0
2185,40031,Comanche County,OK,39
2186,40033,Cotton County,OK,4
2187,40035,Craig County,OK,3
2188,40037,Creek County,OK,44
2189,40039,Custer County,OK,5
2190,40041,Delaware County,OK,12
2191,40043,Dewey County,OK,0
2192,40045,Ellis County,OK,0
2193,40047,Garfield County,OK,5
2194,40049,Garvin County,OK,9
2195,40051,Grady County,OK,7
2196,40053,Grant County,OK,1
2197,40055,Greer County,OK,25
2198,40057,Harmon County,OK,0
2199,40059,Harper County,OK,0
2200,40061,Haskell County,OK,0
2201,40063,Hughes County,OK,0
2202,40065,Jackson County,OK,4
2203,40067,Jefferson County,OK,0
2204,40069,Johnston County,OK,0
2205,40071,Kay County,OK,30
2206,40073,Kingfisher County,OK,3
2207,40075,Kiowa County,OK,1
2208,40077,Latimer County,OK,4
2209,40079,Le Flore County,OK,1
2210,40081,Lincoln County,OK,7
2211,40083,Logan County,OK,6
2212,40085,Love County,OK,2
2213,40087,McClain County,OK,12
2214,40089,McCurtain County,OK,1
2215,40091,McIntosh County,OK,0
2216,40093,Major County,OK,1
2217,40095,Marshall County,OK,0
2218,40097,Mayes County,OK,9
2219,40099,Murray County,OK,0
2220,40101,Muskogee County,OK,20
2221,40103,Noble County,OK,6
2222,40105,Nowata County,OK,9
2223,40107,Okfuskee County,OK,0
2224,40109,Oklahoma County,OK,265
2225,40111,Okmulgee County,OK,11
2226,40113,Osage County,OK,27
2227,40115,Ottawa County,OK,11
2228,40117,Pawnee County,OK,22
2229,40119,Payne County,OK,20
2230,40121,Pittsburg County,OK,6
2231,40123,Pontotoc County,OK,7
2232,40125,Pottawatomie County,OK,12
2233,40127,Pushmataha County,OK,0
2234,40129,Roger Mills County,OK,0
2235,40131,Rogers County,OK,13
2236,40133,Seminole County,OK,2
2237,40135,Sequoyah County,OK,4
2238,40137,Stephens County,OK,9
2239,40139,Texas County,OK,2
2240,40141,Tillman County,OK,1
2241,40143,Tulsa County,OK,240
2242,40145,Wagoner County,OK,47
2243,40147,Washington County,OK,35
2244,40149,Washita County,OK,0
2245,40151,Woods County,OK,0
2246,40153,Woodward County,OK,1
2248,41001,Baker County,OR,0
2249,41003,Benton County,OR,19
2250,41005,Clackamas County,OR,84
2251,41007,Clatsop County,OR,4
2252,41009,Columbia County,OR,6
2253,41011,Coos County,OR,0
2254,41013,Crook County,OR,1
2255,41015,Curry County,OR,0
2256,41017,Deschutes County,OR,39
2257,41019,Douglas County,OR,11
2258,41021,Gilliam County,OR,0
2259,41023,Grant County,OR,1
2260,41025,Harney County,OR,0
2261,41027,Hood River County,OR,2
2262,41029,Jackson County,OR,33
2263,41031,Jefferson County,OR,0
2264,41033,Josephine County,OR,13
2265,41035,Klamath County,OR,15
2266,41037,Lake County,OR,0
2267,41039,Lane County,OR,27
2268,41041,Lincoln County,OR,4
2269,41043,Linn County,OR,43
2270,41045,Malheur County,OR,2
2271,41047,Marion County,OR,198
2272,41049,Morrow County,OR,2
2273,41051,Multnomah County,OR,233
2274,41053,Polk County,OR,24
2275,41055,Sherman County,OR,1
2276,41057,Tillamook County,OR,3
2277,41059,Umatilla County,OR,7
2278,41061,Union County,OR,3
2279,41063,Wallowa County,OR,1
2280,41065,Wasco County,OR,7
2281,41067,Washington County,OR,259
2282,41069,Wheeler County,OR,0
2283,41071,Yamhill County,OR,25
2285,42001,Adams County,PA,22
2286,42003,Allegheny County,PA,605
2287,42005,Armstrong County,PA,12
2288,42007,Beaver County,PA,84
2289,42009,Bedford County,PA,4
2290,42011,Berks County,PA,276
2291,42013,Blair County,PA,5
2292,42015,Bradford County,PA,10
2293,42017,Bucks County,PA,555
2294,42019,Butler County,PA,87
2295,42021,Cambria County,PA,7
2296,42023,Cameron County,PA,1
2297,42025,Carbon County,PA,50
2298,42027,Centre County,PA,43
2299,42029,Chester County,PA,269
2300,42031,Clarion County,PA,5
2301,42033,Clearfield County,PA,7
2302,42035,Clinton County,PA,1
2303,42037,Columbia County,PA,22
2304,42039,Crawford County,PA,7
2305,42041,Cumberland County,PA,58
2306,42043,Dauphin County,PA,118
2307,42045,Delaware County,PA,708
2308,42047,Elk County,PA,0
2309,42049,Erie County,PA,19
2310,42051,Fayette County,PA,27
2311,42053,Forest County,PA,3
2312,42055,Franklin County,PA,30
2313,42057,Fulton County,PA,1
2314,42059,Greene County,PA,12
2315,42061,Huntingdon County,PA,4
2316,42063,Indiana County,PA,13
2317,42065,Jefferson County,PA,0
2318,42067,Juniata County,PA,7
2319,42069,Lackawanna County,PA,172
2320,42071,Lancaster County,PA,371
2321,42073,Lawrence County,PA,23
2322,42075,Lebanon County,PA,106
2323,42077,Lehigh County,PA,877
2324,42079,Luzerne County,PA,741
2325,42081,Lycoming County,PA,9
2326,42083,McKean County,PA,1
2327,42085,Mercer County,PA,18
2328,42087,Mifflin County,PA,5
2329,42089,Monroe County,PA,528
2330,42091,Montgomery County,PA,1111
2331,42093,Montour County,PA,27
2332,42095,Northampton County,PA,636
2333,42097,Northumberland County,PA,14
2334,42099,Perry County,PA,5
2335,42101,Philadelphia County,PA,3135
2336,42103,Pike County,PA,114
2337,42105,Potter County,PA,3
2338,42107,Schuylkill County,PA,90
2339,42109,Snyder County,PA,8
2340,42111,Somerset County,PA,4
2341,42113,Sullivan County,PA,1
2342,42115,Susquehanna County,PA,6
2343,42117,Tioga County,PA,3
2344,42119,Union County,PA,6
2345,42121,Venango County,PA,3
2346,42123,Warren County,PA,1
2347,42125,Washington County,PA,50
2348,42127,Wayne County,PA,33
2349,42129,Westmoreland County,PA,147
2350,42131,Wyoming County,PA,5
2351,42133,York County,PA,171
2353,44001,Bristol County,RI,25
2354,44003,Kent County,RI,68
2355,44005,Newport County,RI,42
2356,44007,Providence County,RI,512
2357,44009,Washington County,RI,77
2359,45001,Abbeville County,SC,5
2360,45003,Aiken County,SC,27
2361,45005,Allendale County,SC,2
2362,45007,Anderson County,SC,69
2363,45009,Bamberg County,SC,5
2364,45011,Barnwell County,SC,3
2365,45013,Beaufort County,SC,156
2366,45015,Berkeley County,SC,46
2367,45017,Calhoun County,SC,5
2368,45019,Charleston County,SC,274
2369,45021,Cherokee County,SC,2
2370,45023,Chester County,SC,12
2371,45025,Chesterfield County,SC,13
2372,45027,Clarendon County,SC,54
2373,45029,Colleton County,SC,8
2374,45031,Darlington County,SC,19
2375,45033,Dillon County,SC,1
2376,45035,Dorchester County,SC,44
2377,45037,Edgefield County,SC,6
2378,45039,Fairfield County,SC,14
2379,45041,Florence County,SC,36
2380,45043,Georgetown County,SC,18
2381,45045,Greenville County,SC,186
2382,45047,Greenwood County,SC,10
2383,45049,Hampton County,SC,2
2384,45051,Horry County,SC,64
2385,45053,Jasper County,SC,9
2386,45055,Kershaw County,SC,148
2387,45057,Lancaster County,SC,41
2388,45059,Laurens County,SC,6
2389,45061,Lee County,SC,17
2390,45063,Lexington County,SC,117
2391,45065,McCormick County,SC,1
2392,45067,Marion County,SC,2
2393,45069,Marlboro County,SC,3
2394,45071,Newberry County,SC,7
2395,45073,Oconee County,SC,8
2396,45075,Orangeburg County,SC,27
2397,45077,Pickens County,SC,18
2398,45079,Richland County,SC,298
2399,45081,Saluda County,SC,4
2400,45083,Spartanburg County,SC,75
2401,45085,Sumter County,SC,80
2402,45087,Union County,SC,11
2403,45089,Williamsburg County,SC,10
2404,45091,York County,SC,85
2406,46003,Aurora County,SD,1
2407,46005,Beadle County,SD,21
2408,46007,Bennett County,SD,0
2409,46009,Bon Homme County,SD,1
2410,46011,Brookings County,SD,3
2411,46013,Brown County,SD,9
2412,46015,Brule County,SD,0
2413,46017,Buffalo County,SD,0
2414,46019,Butte County,SD,0
2415,46021,Campbell County,SD,0
2416,46023,Charles Mix County,SD,2
2417,46025,Clark County,SD,1
2418,46027,Clay County,SD,3
2419,46029,Codington County,SD,10
2420,46031,Corson County,SD,0
2421,46033,Custer County,SD,0
2422,46035,Davison County,SD,3
2423,46037,Day County,SD,0
2424,46039,Deuel County,SD,1
2425,46041,Dewey County,SD,0
2426,46043,Douglas County,SD,0
2427,46045,Edmunds County,SD,0
2428,46047,Fall River County,SD,1
2429,46049,Faulk County,SD,1
2430,46051,Grant County,SD,0
2431,46053,Gregory County,SD,0
2432,46055,Haakon County,SD,0
2433,46057,Hamlin County,SD,1
2434,46059,Hand County,SD,0
2435,46061,Hanson County,SD,0
2436,46063,Harding County,SD,0
2437,46065,Hughes County,SD,3
2438,46067,Hutchinson County,SD,2
2439,46069,Hyde County,SD,0
2440,46071,Jackson County,SD,0
2441,46073,Jerauld County,SD,0
2442,46075,Jones County,SD,0
2443,46077,Kingsbury County,SD,0
2444,46079,Lake County,SD,1
2445,46081,Lawrence County,SD,9
2446,46083,Lincoln County,SD,23
2447,46085,Lyman County,SD,1
2448,46087,McCook County,SD,2
2449,46089,McPherson County,SD,0
2450,46091,Marshall County,SD,1
2451,46093,Meade County,SD,1
2452,46095,Mellette County,SD,0
2453,46097,Miner County,SD,0
2454,46099,Minnehaha County,SD,104
2455,46101,Moody County,SD,0
2456,46102,Oglala Lakota County,SD,0
2457,46103,Pennington County,SD,6
2458,46105,Perkins County,SD,0
2459,46107,Potter County,SD,0
2460,46109,Roberts County,SD,4
2461,46111,Sanborn County,SD,0
2462,46115,Spink County,SD,3
2463,46117,Stanley County,SD,0
2464,46119,Sully County,SD,0
2465,46121,Todd County,SD,1
2466,46123,Tripp County,SD,0
2467,46125,Turner County,SD,4
2468,46127,Union County,SD,3
2469,46129,Walworth County,SD,0
2470,46135,Yankton County,SD,14
2471,46137,Ziebach County,SD,0
2473,47001,Anderson County,TN,10
2474,47003,Bedford County,TN,8
2475,47005,Benton County,TN,4
2476,47007,Bledsoe County,TN,3
2477,47009,Blount County,TN,36
2478,47011,Bradley County,TN,21
2479,47013,Campbell County,TN,5
2480,47015,Cannon County,TN,6
2481,47017,Carroll County,TN,7
2482,47019,Carter County,TN,3
2483,47021,Cheatham County,TN,13
2484,47023,Chester County,TN,5
2485,47025,Claiborne County,TN,2
2486,47027,Clay County,TN,1
2487,47029,Cocke County,TN,1
2488,47031,Coffee County,TN,5
2489,47033,Crockett County,TN,0
2490,47035,Cumberland County,TN,26
2491,47037,Davidson County,TN,801
2492,47039,Decatur County,TN,0
2493,47041,DeKalb County,TN,7
2494,47043,Dickson County,TN,23
2495,47045,Dyer County,TN,9
2496,47047,Fayette County,TN,20
2497,47049,Fentress County,TN,2
2498,47051,Franklin County,TN,12
2499,47053,Gibson County,TN,11
2500,47055,Giles County,TN,3
2501,47057,Grainger County,TN,3
2502,47059,Greene County,TN,17
2503,47061,Grundy County,TN,12
2504,47063,Hamblen County,TN,4
2505,47065,Hamilton County,TN,74
2506,47067,Hancock County,TN,0
2507,47069,Hardeman County,TN,6
2508,47071,Hardin County,TN,2
2509,47073,Hawkins County,TN,10
2510,47075,Haywood County,TN,3
2511,47077,Henderson County,TN,1
2512,47079,Henry County,TN,4
2513,47081,Hickman County,TN,2
2514,47083,Houston County,TN,2
2515,47085,Humphreys County,TN,3
2516,47087,Jackson County,TN,3
2517,47089,Jefferson County,TN,6
2518,47091,Johnson County,TN,2
2519,47093,Knox County,TN,115
2520,47095,Lake County,TN,0
2521,47097,Lauderdale County,TN,2
2522,47099,Lawrence County,TN,3
2523,47101,Lewis County,TN,2
2524,47103,Lincoln County,TN,5
2525,47105,Loudon County,TN,13
2526,47107,McMinn County,TN,3
2527,47109,McNairy County,TN,3
2528,47111,Macon County,TN,9
2529,47113,Madison County,TN,19
2530,47115,Marion County,TN,16
2531,47117,Marshall County,TN,6
2532,47119,Maury County,TN,21
2533,47121,Meigs County,TN,2
2534,47123,Monroe County,TN,6
2535,47125,Montgomery County,TN,51
2536,47127,Moore County,TN,0
2537,47129,Morgan County,TN,4
2538,47131,Obion County,TN,2
2539,47133,Overton County,TN,3
2540,47135,Perry County,TN,3
2541,47137,Pickett County,TN,0
2542,47139,Polk County,TN,3
2543,47141,Putnam County,TN,52
2544,47143,Rhea County,TN,0
2545,47145,Roane County,TN,5
2546,47147,Robertson County,TN,59
2547,47149,Rutherford County,TN,147
2548,47151,Scott County,TN,3
2549,47153,Sequatchie County,TN,1
2550,47155,Sevier County,TN,14
2551,47157,Shelby County,TN,736
2552,47159,Smith County,TN,3
2553,47161,Stewart County,TN,2
2554,47163,Sullivan County,TN,21
2555,47165,Sumner County,TN,321
2556,47167,Tipton County,TN,33
2557,47169,Trousdale County,TN,8
2558,47171,Unicoi County,TN,1
2559,47173,Union County,TN,1
2560,47175,Van Buren County,TN,0
2561,47177,Warren County,TN,1
2562,47179,Washington County,TN,23
2563,47181,Wayne County,TN,2
2564,47183,Weakley County,TN,5
2565,47185,White County,TN,2
2566,47187,Williamson County,TN,258
2567,47189,Wilson County,TN,93
2569,48001,Anderson County,TX,1
2570,48003,Andrews County,TX,6
2571,48005,Angelina County,TX,10
2572,48007,Aransas County,TX,1
2573,48009,Archer County,TX,0
2574,48011,Armstrong County,TX,0
2575,48013,Atascosa County,TX,2
2576,48015,Austin County,TX,5
2577,48017,Bailey County,TX,0
2578,48019,Bandera County,TX,0
2579,48021,Bastrop County,TX,9
2580,48023,Baylor County,TX,0
2581,48025,Bee County,TX,0
2582,48027,Bell County,TX,58
2583,48029,Bexar County,TX,410
2584,48031,Blanco County,TX,1
2585,48033,Borden County,TX,0
2586,48035,Bosque County,TX,0
2587,48037,Bowie County,TX,14
2588,48039,Brazoria County,TX,144
2589,48041,Brazos County,TX,75
2590,48043,Brewster County,TX,0
2591,48045,Briscoe County,TX,0
2592,48047,Brooks County,TX,0
2593,48049,Brown County,TX,5
2594,48051,Burleson County,TX,2
2595,48053,Burnet County,TX,4
2596,48055,Caldwell County,TX,3
2597,48057,Calhoun County,TX,11
2598,48059,Callahan County,TX,0
2599,48061,Cameron County,TX,77
2600,48063,Camp County,TX,1
2601,48065,Carson County,TX,0
2602,48067,Cass County,TX,3
2603,48069,Castro County,TX,10
2604,48071,Chambers County,TX,11
2605,48073,Cherokee County,TX,5
2606,48075,Childress County,TX,0
2607,48077,Clay County,TX,1
2608,48079,Cochran County,TX,0
2609,48081,Coke County,TX,0
2610,48083,Coleman County,TX,0
2611,48085,Collin County,TX,287
2612,48087,Collingsworth County,TX,0
2613,48089,Colorado County,TX,2
2614,48091,Comal County,TX,21
2615,48093,Comanche County,TX,1
2616,48095,Concho County,TX,0
2617,48097,Cooke County,TX,0
2618,48099,Coryell County,TX,5
2619,48101,Cottle County,TX,0
2620,48103,Crane County,TX,2
2621,48105,Crockett County,TX,0
2622,48107,Crosby County,TX,0
2623,48109,Culberson County,TX,0
2624,48111,Dallam County,TX,0
2625,48113,Dallas County,TX,1112
2626,48115,Dawson County,TX,3
2627,48117,Deaf Smith County,TX,5
2628,48119,Delta County,TX,0
2629,48121,Denton County,TX,304
2630,48123,DeWitt County,TX,7
2631,48125,Dickens County,TX,0
2632,48127,Dimmit County,TX,0
2633,48129,Donley County,TX,7
2634,48131,Duval County,TX,0
2635,48133,Eastland County,TX,3
2636,48135,Ector County,TX,22
2637,48137,Edwards County,TX,0
2638,48139,Ellis County,TX,29
2639,48141,El Paso County,TX,106
2640,48143,Erath County,TX,7
2641,48145,Falls County,TX,1
2642,48147,Fannin County,TX,2
2643,48149,Fayette County,TX,9
2644,48151,Fisher County,TX,0
2645,48153,Floyd County,TX,0
2646,48155,Foard County,TX,0
2647,48157,Fort Bend County,TX,280
2648,48159,Franklin County,TX,1
2649,48161,Freestone County,TX,0
2650,48163,Frio County,TX,0
2651,48165,Gaines County,TX,1
2652,48167,Galveston County,TX,222
2653,48169,Garza County,TX,0
2654,48171,Gillespie County,TX,1
2655,48173,Glasscock County,TX,0
2656,48175,Goliad County,TX,1
2657,48177,Gonzales County,TX,1
2658,48179,Gray County,TX,5
2659,48181,Grayson County,TX,12
2660,48183,Gregg County,TX,10
2661,48185,Grimes County,TX,3
2662,48187,Guadalupe County,TX,28
2663,48189,Hale County,TX,7
2664,48191,Hall County,TX,0
2665,48193,Hamilton County,TX,0
2666,48195,Hansford County,TX,0
2667,48197,Hardeman County,TX,0
2668,48199,Hardin County,TX,26
2669,48201,Harris County,TX,1284
2670,48203,Harrison County,TX,6
2671,48205,Hartley County,TX,0
2672,48207,Haskell County,TX,0
2673,48209,Hays County,TX,50
2674,48211,Hemphill County,TX,1
2675,48213,Henderson County,TX,1
2676,48215,Hidalgo County,TX,86
2677,48217,Hill County,TX,5
2678,48219,Hockley County,TX,10
2679,48221,Hood County,TX,9
2680,48223,Hopkins County,TX,4
2681,48225,Houston County,TX,0
2682,48227,Howard County,TX,0
2683,48229,Hudspeth County,TX,0
2684,48231,Hunt County,TX,1
2685,48233,Hutchinson County,TX,2
2686,48235,Irion County,TX,0
2687,48237,Jack County,TX,0
2688,48239,Jackson County,TX,3
2689,48241,Jasper County,TX,2
2690,48243,Jeff Davis County,TX,0
2691,48245,Jefferson County,TX,51
2692,48247,Jim Hogg County,TX,0
2693,48249,Jim Wells County,TX,2
2694,48251,Johnson County,TX,21
2695,48253,Jones County,TX,0
2696,48255,Karnes County,TX,2
2697,48257,Kaufman County,TX,9
2698,48259,Kendall County,TX,9
2699,48261,Kenedy County,TX,0
2700,48263,Kent County,TX,0
2701,48265,Kerr County,TX,2
2702,48267,Kimble County,TX,0
2703,48269,King County,TX,0
2704,48271,Kinney County,TX,0
2705,48273,Kleberg County,TX,2
2706,48275,Knox County,TX,0
2707,48277,Lamar County,TX,5
2708,48279,Lamb County,TX,1
2709,48281,Lampasas County,TX,1
2710,48283,La Salle County,TX,0
2711,48285,Lavaca County,TX,2
2712,48287,Lee County,TX,2
2713,48289,Leon County,TX,2
2714,48291,Liberty County,TX,6
2715,48293,Limestone County,TX,3
2716,48295,Lipscomb County,TX,0
2717,48297,Live Oak County,TX,3
2718,48299,Llano County,TX,2
2719,48301,Loving County,TX,0
2720,48303,Lubbock County,TX,154
2721,48305,Lynn County,TX,3
2722,48307,McCulloch County,TX,0
2723,48309,McLennan County,TX,51
2724,48311,McMullen County,TX,0
2725,48313,Madison County,TX,0
2726,48315,Marion County,TX,0
2727,48317,Martin County,TX,1
2728,48319,Mason County,TX,1
2729,48321,Matagorda County,TX,33
2730,48323,Maverick County,TX,4
2731,48325,Medina County,TX,4
2732,48327,Menard County,TX,0
2733,48329,Midland County,TX,24
2734,48331,Milam County,TX,3
2735,48333,Mills County,TX,0
2736,48335,Mitchell County,TX,0
2737,48337,Montague County,TX,1
2738,48339,Montgomery County,TX,149
2739,48341,Moore County,TX,6
2740,48343,Morris County,TX,1
2741,48345,Motley County,TX,0
2742,48347,Nacogdoches County,TX,16
2743,48349,Navarro County,TX,4
2744,48351,Newton County,TX,1
2745,48353,Nolan County,TX,0
2746,48355,Nueces County,TX,50
2747,48357,Ochiltree County,TX,0
2748,48359,Oldham County,TX,2
2749,48361,Orange County,TX,22
2750,48363,Palo Pinto County,TX,1
2751,48365,Panola County,TX,4
2752,48367,Parker County,TX,6
2753,48369,Parmer County,TX,0
2754,48371,Pecos County,TX,0
2755,48373,Polk County,TX,7
2756,48375,Potter County,TX,40
2757,48377,Presidio County,TX,0
2758,48379,Rains County,TX,0
2759,48381,Randall County,TX,34
2760,48383,Reagan County,TX,0
2761,48385,Real County,TX,0
2762,48387,Red River County,TX,0
2763,48389,Reeves County,TX,0
2764,48391,Refugio County,TX,0
2765,48393,Roberts County,TX,0
2766,48395,Robertson County,TX,2
2767,48397,Rockwall County,TX,10
2768,48399,Runnels County,TX,0
2769,48401,Rusk County,TX,11
2770,48403,Sabine County,TX,0
2771,48405,San Augustine County,TX,4
2772,48407,San Jacinto County,TX,1
2773,48409,San Patricio County,TX,2
2774,48411,San Saba County,TX,0
2775,48413,Schleicher County,TX,0
2776,48415,Scurry County,TX,0
2777,48417,Shackelford County,TX,0
2778,48419,Shelby County,TX,11
2779,48421,Sherman County,TX,0
2780,48423,Smith County,TX,57
2781,48425,Somervell County,TX,0
2782,48427,Starr County,TX,6
2783,48429,Stephens County,TX,0
2784,48431,Sterling County,TX,0
2785,48433,Stonewall County,TX,0
2786,48435,Sutton County,TX,0
2787,48437,Swisher County,TX,1
2788,48439,Tarrant County,TX,418
2789,48441,Taylor County,TX,27
2790,48443,Terrell County,TX,0
2791,48445,Terry County,TX,4
2792,48447,Throckmorton County,TX,0
2793,48449,Titus County,TX,1
2794,48451,Tom Green County,TX,20
2795,48453,Travis County,TX,484
2796,48455,Trinity County,TX,2
2797,48457,Tyler County,TX,1
2798,48459,Upshur County,TX,3
2799,48461,Upton County,TX,0
2800,48463,Uvalde County,TX,4
2801,48465,Val Verde County,TX,5
2802,48467,Van Zandt County,TX,4
2803,48469,Victoria County,TX,32
2804,48471,Walker County,TX,10
2805,48473,Waller County,TX,8
2806,48475,Ward County,TX,0
2807,48477,Washington County,TX,17
2808,48479,Webb County,TX,98
2809,48481,Wharton County,TX,9
2810,48483,Wheeler County,TX,0
2811,48485,Wichita County,TX,47
2812,48487,Wilbarger County,TX,0
2813,48489,Willacy County,TX,5
2814,48491,Williamson County,TX,76
2815,48493,Wilson County,TX,6
2816,48495,Winkler County,TX,0
2817,48497,Wise County,TX,3
2818,48499,Wood County,TX,2
2819,48501,Yoakum County,TX,0
2820,48503,Young County,TX,3
2821,48505,Zapata County,TX,0
2822,48507,Zavala County,TX,0
2824,49001,Beaver County,UT,0
2825,49003,Box Elder County,UT,10
2826,49005,Cache County,UT,20
2827,49007,Carbon County,UT,1
2828,49009,Daggett County,UT,0
2829,49011,Davis County,UT,142
2830,49013,Duchesne County,UT,1
2831,49015,Emery County,UT,1
2832,49017,Garfield County,UT,1
2833,49019,Grand County,UT,1
2834,49021,Iron County,UT,13
2835,49023,Juab County,UT,1
2836,49025,Kane County,UT,2
2837,49027,Millard County,UT,1
2838,49029,Morgan County,UT,5
2839,49031,Piute County,UT,0
2840,49033,Rich County,UT,0
2841,49035,Salt Lake County,UT,741
2842,49037,San Juan County,UT,5
2843,49039,Sanpete County,UT,0
2844,49041,Sevier County,UT,0
2845,49043,Summit County,UT,256
2846,49045,Tooele County,UT,19
2847,49047,Uintah County,UT,1
2848,49049,Utah County,UT,216
2849,49051,Wasatch County,UT,78
2850,49053,Washington County,UT,24
2851,49055,Wayne County,UT,0
2852,49057,Weber County,UT,53
2854,50001,Addison County,VT,40
2855,50003,Bennington County,VT,24
2856,50005,Caledonia County,VT,6
2857,50007,Chittenden County,VT,271
2858,50009,Essex County,VT,0
2859,50011,Franklin County,VT,27
2860,50013,Grand Isle County,VT,0
2861,50015,Lamoille County,VT,17
2862,50017,Orange County,VT,4
2863,50019,Orleans County,VT,8
2864,50021,Rutland County,VT,27
2865,50023,Washington County,VT,22
2866,50025,Windham County,VT,31
2867,50027,Windsor County,VT,22
2869,51001,Accomack County,VA,11
2870,51003,Albemarle County,VA,32
2871,51005,Alleghany County,VA,2
2872,51007,Amelia County,VA,6
2873,51009,Amherst County,VA,6
2874,51011,Appomattox County,VA,0
2875,51013,Arlington County,VA,181
2876,51015,Augusta County,VA,8
2877,51017,Bath County,VA,0
2878,51019,Bedford County,VA,4
2879,51021,Bland County,VA,0
2880,51023,Botetourt County,VA,15
2881,51025,Brunswick County,VA,1
2882,51027,Buchanan County,VA,0
2883,51029,Buckingham County,VA,4
2884,51031,Campbell County,VA,2
2885,51033,Caroline County,VA,1
2886,51035,Carroll County,VA,1
2887,51036,Charles City County,VA,4
2888,51037,Charlotte County,VA,1
2889,51041,Chesterfield County,VA,108
2890,51043,Clarke County,VA,2
2891,51045,Craig County,VA,0
2892,51047,Culpeper County,VA,8
2893,51049,Cumberland County,VA,2
2894,51051,Dickenson County,VA,0
2895,51053,Dinwiddie County,VA,0
2896,51057,Essex County,VA,0
2897,51059,Fairfax County,VA,426
2898,51061,Fauquier County,VA,10
2899,51063,Floyd County,VA,0
2900,51065,Fluvanna County,VA,7
2901,51067,Franklin County,VA,10
2902,51069,Frederick County,VA,27
2903,51071,Giles County,VA,0
2904,51073,Gloucester County,VA,10
2905,51075,Goochland County,VA,15
2906,51077,Grayson County,VA,0
2907,51079,Greene County,VA,3
2908,51081,Greensville County,VA,4
2909,51083,Halifax County,VA,2
2910,51085,Hanover County,VA,12
2911,51087,Henrico County,VA,194
2912,51089,Henry County,VA,3
2913,51091,Highland County,VA,0
2914,51093,Isle of Wight County,VA,18
2915,51095,James City County,VA,117
2916,51097,King and Queen County,VA,1
2917,51099,King George County,VA,8
2918,51101,King William County,VA,2
2919,51103,Lancaster County,VA,1
2920,51105,Lee County,VA,2
2921,51107,Loudoun County,VA,167
2922,51109,Louisa County,VA,14
2923,51111,Lunenburg County,VA,0
2924,51113,Madison County,VA,3
2925,51115,Matthews County,VA,2
2926,51117,Mecklenburg County,VA,12
2927,51119,Middlesex County,VA,0
2928,51121,Montgomery County,VA,6
2929,51125,Nelson County,VA,2
2930,51127,New Kent County,VA,9
2931,51131,Northampton County,VA,2
2932,51133,Northumberland County,VA,3
2933,51135,Nottoway County,VA,1
2934,51137,Orange County,VA,5
2935,51139,Page County,VA,2
2936,51141,Patrick County,VA,0
2937,51143,Pittsylvania County,VA,2
2938,51145,Powhatan County,VA,4
2939,51147,Prince Edward County,VA,3
2940,51149,Prince George County,VA,18
2941,51153,Prince William County,VA,175
2942,51155,Pulaski County,VA,1
2943,51157,Rappahannock County,VA,0
2944,51159,Richmond County,VA,1
2945,51161,Roanoke County,VA,5
2946,51163,Rockbridge County,VA,3
2947,51165,Rockingham County,VA,15
2948,51167,Russell County,VA,0
2949,51169,Scott County,VA,0
2950,51171,Shenandoah County,VA,12
2951,51173,Smyth County,VA,2
2952,51175,Southampton County,VA,5
2953,51177,Spotsylvania County,VA,24
2954,51179,Stafford County,VA,41
2955,51181,Surry County,VA,3
2956,51183,Sussex County,VA,4
2957,51185,Tazewell County,VA,2
2958,51187,Warren County,VA,4
2959,51191,Washington County,VA,5
2960,51193,Westmoreland County,VA,2
2961,51195,Wise County,VA,1
2962,51197,Wythe County,VA,2
2963,51199,York County,VA,20
2964,51510,Alexandria City,VA,74
2965,51520,Bristol city,VA,1
2966,51530,Buena Vista city,VA,4
2967,51540,Charlottesville City,VA,22
2968,51550,Chesapeake City,VA,72
2969,51570,Colonial Heights city,VA,0
2970,51580,Covington city,VA,1
2971,51590,Danville City,VA,12
2972,51595,Emporia city,VA,2
2973,51600,Fairfax city,VA,0
2974,51610,Falls Church city,VA,0
2975,51620,Franklin city,VA,4
2976,51630,Fredericksburg City,VA,7
2977,51640,Galax city,VA,1
2978,51650,Hampton city,VA,40
2979,51660,Harrisonburg City,VA,25
2980,51670,Hopewell city,VA,10
2981,51678,Lexington city,VA,3
2982,51680,Lynchburg city,VA,10
2983,51683,Manassas City,VA,14
2984,51685,Manassas Park city,VA,2
2985,51690,Martinsville city,VA,0
2986,51700,Newport News City,VA,51
2987,51710,Norfolk City,VA,59
2988,51720,Norton city,VA,0
2989,51730,Petersburg city,VA,9
2990,51735,Poquoson city,VA,3
2991,51740,Portsmouth City,VA,26
2992,51750,Radford city,VA,1
2993,51760,Richmond City,VA,99
2994,51770,Roanoke city,VA,10
2995,51775,Salem city,VA,1
2996,51790,Staunton city,VA,1
2997,51800,Suffolk City,VA,22
2998,51810,Virginia Beach City,VA,170
2999,51820,Waynesboro city,VA,2
3000,51830,Williamsburg City,VA,12
3001,51840,Winchester city,VA,11
3003,53001,Adams County,WA,26
3004,53003,Asotin County,WA,3
3005,53005,Benton County,WA,166
3006,53007,Chelan County,WA,28
3007,53009,Clallam County,WA,8
3008,53011,Clark County,WA,145
3009,53013,Columbia County,WA,1
3010,53015,Cowlitz County,WA,17
3011,53017,Douglas County,WA,10
3012,53019,Ferry County,WA,1
3013,53021,Franklin County,WA,59
3014,53023,Garfield County,WA,0
3015,53025,Grant County,WA,82
3016,53027,Grays Harbor County,WA,6
3017,53029,Island County,WA,132
3018,53031,Jefferson County,WA,22
3019,53033,King County,WA,3158
3020,53035,Kitsap County,WA,102
3021,53037,Kittitas County,WA,11
3022,53039,Klickitat County,WA,8
3023,53041,Lewis County,WA,16
3024,53043,Lincoln County,WA,1
3025,53045,Mason County,WA,14
3026,53047,Okanogan County,WA,9
3027,53049,Pacific County,WA,0
3028,53051,Pend Oreille County,WA,1
3029,53053,Pierce County,WA,536
3030,53055,San Juan County,WA,9
3031,53057,Skagit County,WA,159
3032,53059,Skamania County,WA,1
3033,53061,Snohomish County,WA,1486
3034,53063,Spokane County,WA,199
3035,53065,Stevens County,WA,5
3036,53067,Thurston County,WA,62
3037,53069,Wahkiakum County,WA,2
3038,53071,Walla Walla County,WA,12
3039,53073,Whatcom County,WA,175
3040,53075,Whitman County,WA,11
3041,53077,Yakima County,WA,316
3043,54001,Barbour County,WV,2
3044,54003,Berkeley County,WV,54
3045,54005,Boone County,WV,0
3046,54007,Braxton County,WV,0
3047,54009,Brooke County,WV,0
3048,54011,Cabell County,WV,5
3049,54013,Calhoun County,WV,0
3050,54015,Clay County,WV,0
3051,54017,Doddridge County,WV,0
3052,54019,Fayette County,WV,0
3053,54021,Gilmer County,WV,0
3054,54023,Grant County,WV,0
3055,54025,Greenbrier County,WV,3
3056,54027,Hampshire County,WV,0
3057,54029,Hancock County,WV,6
3058,54031,Hardy County,WV,2
3059,54033,Harrison County,WV,24
3060,54035,Jackson County,WV,14
3061,54037,Jefferson County,WV,21
3062,54039,Kanawha County,WV,51
3063,54041,Lewis County,WV,0
3064,54043,Lincoln County,WV,0
3065,54045,Logan County,WV,5
3066,54047,McDowell County,WV,0
3067,54049,Marion County,WV,14
3068,54051,Marshall County,WV,5
3069,54053,Mason County,WV,4
3070,54055,Mercer County,WV,3
3071,54057,Mineral County,WV,2
3072,54059,Mingo County,WV,0
3073,54061,Monongalia County,WV,49
3074,54063,Monroe County,WV,0
3075,54065,Morgan County,WV,3
3076,54067,Nicholas County,WV,0
3077,54069,Ohio County,WV,15
3078,54071,Pendleton County,WV,1
3079,54073,Pleasants County,WV,1
3080,54075,Pocahontas County,WV,0
3081,54077,Preston County,WV,4
3082,54079,Putnam County,WV,6
3083,54081,Raleigh County,WV,4
3084,54083,Randolph County,WV,3
3085,54085,Ritchie County,WV,0
3086,54087,Roane County,WV,2
3087,54089,Summers County,WV,0
3088,54091,Taylor County,WV,0
3089,54093,Tucker County,WV,3
3090,54095,Tyler County,WV,0
3091,54097,Upshur County,WV,1
3092,54099,Wayne County,WV,0
3093,54101,Webster County,WV,0
3094,54103,Wetzel County,WV,2
3095,54105,Wirt County,WV,1
3096,54107,Wood County,WV,10
3097,54109,Wyoming County,WV,0
3099,55001,Adams County,WI,1
3100,55003,Ashland County,WI,1
3101,55005,Barron County,WI,4
3102,55007,Bayfield County,WI,3
3103,55009,Brown County,WI,29
3104,55011,Buffalo County,WI,2
3105,55013,Burnett County,WI,0
3106,55015,Calumet County,WI,4
3107,55017,Chippewa County,WI,16
3108,55019,Clark County,WI,6
3109,55021,Columbia County,WI,19
3110,55023,Crawford County,WI,2
3111,55025,Dane County,WI,269
3112,55027,Dodge County,WI,14
3113,55029,Door County,WI,4
3114,55031,Douglas County,WI,7
3115,55033,Dunn County,WI,5
3116,55035,Eau Claire County,WI,21
3117,55037,Florence County,WI,1
3118,55039,Fond du Lac County,WI,43
3119,55041,Forest County,WI,0
3120,55043,Grant County,WI,2
3121,55045,Green County,WI,9
3122,55047,Green Lake County,WI,0
3123,55049,Iowa County,WI,3
3124,55051,Iron County,WI,1
3125,55053,Jackson County,WI,3
3126,55055,Jefferson County,WI,14
3127,55057,Juneau County,WI,5
3128,55059,Kenosha County,WI,98
3129,55061,Kewaunee County,WI,0
3130,55063,La Crosse County,WI,21
3131,55065,Lafayette County,WI,0
3132,55067,Langlade County,WI,0
3133,55069,Lincoln County,WI,0
3134,55071,Manitowoc County,WI,3
3135,55073,Marathon County,WI,12
3136,55075,Marinette County,WI,2
3137,55077,Marquette County,WI,2
3138,55078,Menominee County,WI,1
3139,55079,Milwaukee County,WI,1148
3140,55081,Monroe County,WI,5
3141,55083,Oconto County,WI,1
3142,55085,Oneida County,WI,3
3143,55087,Outagamie County,WI,21
3144,55089,Ozaukee County,WI,56
3145,55091,Pepin County,WI,0
3146,55093,Pierce County,WI,7
3147,55095,Polk County,WI,0
3148,55097,Portage County,WI,3
3149,55099,Price County,WI,0
3150,55101,Racine County,WI,54
3151,55103,Richland County,WI,3
3152,55105,Rock County,WI,28
3153,55107,Rusk County,WI,3
3154,55109,St. Croix County,WI,7
3155,55111,Sauk County,WI,18
3156,55113,Sawyer County,WI,0
3157,55115,Shawano County,WI,1
3158,55117,Sheboygan County,WI,21
3159,55119,Taylor County,WI,0
3160,55121,Trempealeau County,WI,1
3161,55123,Vernon County,WI,0
3162,55125,Vilas County,WI,4
3163,55127,Walworth County,WI,20
3164,55129,Washburn County,WI,0
3165,55131,Washington County,WI,57
3166,55133,Waukesha County,WI,154
3167,55135,Waupaca County,WI,2
3168,55137,Waushara County,WI,0
3169,55139,Winnebago County,WI,20
3170,55141,Wood County,WI,2
3172,56001,Albany County,WY,4
3173,56003,Big Horn County,WY,0
3174,56005,Campbell County,WY,6
3175,56007,Carbon County,WY,4
3176,56009,Converse County,WY,3
3177,56011,Crook County,WY,1
3178,56013,Fremont County,WY,37
3179,56015,Goshen County,WY,2
3180,56017,Hot Springs County,WY,0
3181,56019,Johnson County,WY,8
3182,56021,Laramie County,WY,44
3183,56023,Lincoln County,WY,3
3184,56025,Natrona County,WY,23
3185,56027,Niobrara County,WY,0
3186,56029,Park County,WY,1
3187,56031,Platte County,WY,0
3188,56033,Sheridan County,WY,12
3189,56035,Sublette County,WY,1
3190,56037,Sweetwater County,WY,5
3191,56039,Teton County,WY,39
3192,56041,Uinta County,WY,2
3193,56043,Washakie County,WY,4
3194,56045,Weston County,WY,0
